"x","y"
1,0
0.999847695156391,0.0174524064372835
0.999390827019096,0.034899496702501
0.998629534754574,0.0523359562429438
0.997564050259824,0.0697564737441253
0.996194698091746,0.0871557427476582
0.994521895368273,0.104528463267653
0.992546151641322,0.121869343405147
0.99026806874157,0.139173100960065
0.987688340595138,0.156434465040231
0.984807753012208,0.17364817766693
0.981627183447664,0.190808995376545
0.978147600733806,0.207911690817759
0.974370064785235,0.224951054343865
0.970295726275996,0.241921895599668
0.965925826289068,0.258819045102521
0.961261695938319,0.275637355816999
0.956304755963035,0.292371704722737
0.951056516295154,0.309016994374947
0.945518575599317,0.325568154457157
0.939692620785908,0.342020143325669
0.933580426497202,0.3583679495453
0.927183854566787,0.374606593415912
0.92050485345244,0.390731128489274
0.913545457642601,0.4067366430758
0.90630778703665,0.422618261740699
0.898794046299167,0.438371146789077
0.891006524188368,0.453990499739547
0.882947592858927,0.469471562785891
0.874619707139396,0.484809620246337
0.866025403784439,0.5
0.857167300702112,0.515038074910054
0.848048096156426,0.529919264233205
0.838670567945424,0.544639035015027
0.829037572555042,0.559192903470747
0.819152044288992,0.573576436351046
0.809016994374947,0.587785252292473
0.798635510047293,0.601815023152048
0.788010753606722,0.615661475325658
0.777145961456971,0.629320391049837
0.766044443118978,0.642787609686539
0.754709580222772,0.656059028990507
0.743144825477394,0.669130606358858
0.731353701619171,0.681998360062498
0.719339800338651,0.694658370458997
0.707106781186548,0.707106781186547
0.694658370458997,0.719339800338651
0.681998360062498,0.73135370161917
0.669130606358858,0.743144825477394
0.656059028990507,0.754709580222772
0.642787609686539,0.766044443118978
0.629320391049838,0.777145961456971
0.615661475325658,0.788010753606722
0.601815023152048,0.798635510047293
0.587785252292473,0.809016994374947
0.573576436351046,0.819152044288992
0.559192903470747,0.829037572555042
0.544639035015027,0.838670567945424
0.529919264233205,0.848048096156426
0.515038074910054,0.857167300702112
0.5,0.866025403784439
0.484809620246337,0.874619707139396
0.469471562785891,0.882947592858927
0.453990499739547,0.891006524188368
0.438371146789077,0.898794046299167
0.422618261740699,0.90630778703665
0.4067366430758,0.913545457642601
0.390731128489274,0.92050485345244
0.374606593415912,0.927183854566787
0.3583679495453,0.933580426497202
0.342020143325669,0.939692620785908
0.325568154457157,0.945518575599317
0.309016994374947,0.951056516295154
0.292371704722737,0.956304755963035
0.275637355816999,0.961261695938319
0.258819045102521,0.965925826289068
0.241921895599668,0.970295726275996
0.224951054343865,0.974370064785235
0.207911690817759,0.978147600733806
0.190808995376545,0.981627183447664
0.17364817766693,0.984807753012208
0.156434465040231,0.987688340595138
0.139173100960066,0.99026806874157
0.121869343405147,0.992546151641322
0.104528463267653,0.994521895368273
0.0871557427476581,0.996194698091746
0.0697564737441255,0.997564050259824
0.052335956242944,0.998629534754574
0.0348994967025011,0.999390827019096
0.0174524064372834,0.999847695156391
6.12303176911189e-17,1
-0.0174524064372835,0.999847695156391
-0.0348994967025007,0.999390827019096
-0.0523359562429436,0.998629534754574
-0.0697564737441253,0.997564050259824
-0.0871557427476582,0.996194698091746
-0.104528463267653,0.994521895368273
-0.121869343405147,0.992546151641322
-0.139173100960065,0.99026806874157
-0.156434465040231,0.987688340595138
-0.17364817766693,0.984807753012208
-0.190808995376545,0.981627183447664
-0.207911690817759,0.978147600733806
-0.224951054343865,0.974370064785235
-0.241921895599668,0.970295726275996
-0.258819045102521,0.965925826289068
-0.275637355816999,0.961261695938319
-0.292371704722737,0.956304755963036
-0.309016994374947,0.951056516295154
-0.325568154457156,0.945518575599317
-0.342020143325669,0.939692620785908
-0.3583679495453,0.933580426497202
-0.374606593415912,0.927183854566787
-0.390731128489274,0.92050485345244
-0.4067366430758,0.913545457642601
-0.422618261740699,0.90630778703665
-0.438371146789078,0.898794046299167
-0.453990499739547,0.891006524188368
-0.469471562785891,0.882947592858927
-0.484809620246337,0.874619707139396
-0.5,0.866025403784439
-0.515038074910054,0.857167300702112
-0.529919264233205,0.848048096156426
-0.544639035015027,0.838670567945424
-0.559192903470747,0.829037572555042
-0.573576436351046,0.819152044288992
-0.587785252292473,0.809016994374947
-0.601815023152048,0.798635510047293
-0.615661475325658,0.788010753606722
-0.629320391049837,0.777145961456971
-0.642787609686539,0.766044443118978
-0.656059028990507,0.754709580222772
-0.669130606358858,0.743144825477394
-0.681998360062498,0.731353701619171
-0.694658370458997,0.719339800338651
-0.707106781186547,0.707106781186548
-0.719339800338651,0.694658370458997
-0.73135370161917,0.681998360062499
-0.743144825477394,0.669130606358858
-0.754709580222772,0.656059028990507
-0.766044443118978,0.642787609686539
-0.777145961456971,0.629320391049838
-0.788010753606722,0.615661475325658
-0.798635510047293,0.601815023152048
-0.809016994374947,0.587785252292473
-0.819152044288992,0.573576436351046
-0.829037572555042,0.559192903470747
-0.838670567945424,0.544639035015027
-0.848048096156426,0.529919264233205
-0.857167300702112,0.515038074910054
-0.866025403784439,0.5
-0.874619707139396,0.484809620246337
-0.882947592858927,0.469471562785891
-0.891006524188368,0.453990499739547
-0.898794046299167,0.438371146789077
-0.90630778703665,0.422618261740699
-0.913545457642601,0.4067366430758
-0.92050485345244,0.390731128489274
-0.927183854566787,0.374606593415912
-0.933580426497202,0.3583679495453
-0.939692620785908,0.342020143325669
-0.945518575599317,0.325568154457157
-0.951056516295154,0.309016994374948
-0.956304755963035,0.292371704722737
-0.961261695938319,0.275637355817
-0.965925826289068,0.258819045102521
-0.970295726275996,0.241921895599668
-0.974370064785235,0.224951054343865
-0.978147600733806,0.207911690817759
-0.981627183447664,0.190808995376545
-0.984807753012208,0.17364817766693
-0.987688340595138,0.156434465040231
-0.99026806874157,0.139173100960066
-0.992546151641322,0.121869343405148
-0.994521895368273,0.104528463267654
-0.996194698091746,0.0871557427476586
-0.997564050259824,0.0697564737441255
-0.998629534754574,0.0523359562429438
-0.999390827019096,0.0348994967025007
-0.999847695156391,0.0174524064372834
-1,1.22460635382238e-16
-0.999847695156391,-0.0174524064372832
-0.999390827019096,-0.0348994967025009
-0.998629534754574,-0.0523359562429436
-0.997564050259824,-0.0697564737441248
-0.996194698091746,-0.0871557427476579
-0.994521895368273,-0.104528463267653
-0.992546151641322,-0.121869343405148
-0.99026806874157,-0.139173100960066
-0.987688340595138,-0.156434465040231
-0.984807753012208,-0.17364817766693
-0.981627183447664,-0.190808995376545
-0.978147600733806,-0.207911690817759
-0.974370064785235,-0.224951054343865
-0.970295726275996,-0.241921895599668
-0.965925826289068,-0.25881904510252
-0.961261695938319,-0.275637355816999
-0.956304755963036,-0.292371704722736
-0.951056516295154,-0.309016994374948
-0.945518575599317,-0.325568154457157
-0.939692620785908,-0.342020143325669
-0.933580426497202,-0.3583679495453
-0.927183854566787,-0.374606593415912
-0.92050485345244,-0.390731128489274
-0.913545457642601,-0.4067366430758
-0.90630778703665,-0.422618261740699
-0.898794046299167,-0.438371146789077
-0.891006524188368,-0.453990499739546
-0.882947592858927,-0.469471562785891
-0.874619707139396,-0.484809620246337
-0.866025403784439,-0.5
-0.857167300702112,-0.515038074910054
-0.848048096156426,-0.529919264233205
-0.838670567945424,-0.544639035015027
-0.829037572555042,-0.559192903470747
-0.819152044288992,-0.573576436351046
-0.809016994374948,-0.587785252292473
-0.798635510047293,-0.601815023152048
-0.788010753606722,-0.615661475325658
-0.777145961456971,-0.629320391049838
-0.766044443118978,-0.642787609686539
-0.754709580222772,-0.656059028990507
-0.743144825477394,-0.669130606358858
-0.731353701619171,-0.681998360062498
-0.719339800338651,-0.694658370458997
-0.707106781186548,-0.707106781186547
-0.694658370458998,-0.719339800338651
-0.681998360062499,-0.73135370161917
-0.669130606358858,-0.743144825477394
-0.656059028990508,-0.754709580222772
-0.642787609686539,-0.766044443118978
-0.629320391049837,-0.777145961456971
-0.615661475325658,-0.788010753606722
-0.601815023152048,-0.798635510047293
-0.587785252292473,-0.809016994374947
-0.573576436351046,-0.819152044288992
-0.559192903470747,-0.829037572555041
-0.544639035015027,-0.838670567945424
-0.529919264233205,-0.848048096156426
-0.515038074910054,-0.857167300702112
-0.5,-0.866025403784438
-0.484809620246337,-0.874619707139396
-0.469471562785891,-0.882947592858927
-0.453990499739547,-0.891006524188368
-0.438371146789078,-0.898794046299167
-0.4226182617407,-0.90630778703665
-0.4067366430758,-0.913545457642601
-0.390731128489274,-0.92050485345244
-0.374606593415912,-0.927183854566787
-0.358367949545301,-0.933580426497202
-0.342020143325669,-0.939692620785908
-0.325568154457157,-0.945518575599317
-0.309016994374948,-0.951056516295154
-0.292371704722737,-0.956304755963035
-0.275637355816999,-0.961261695938319
-0.258819045102521,-0.965925826289068
-0.241921895599668,-0.970295726275996
-0.224951054343865,-0.974370064785235
-0.20791169081776,-0.978147600733806
-0.190808995376545,-0.981627183447664
-0.17364817766693,-0.984807753012208
-0.156434465040231,-0.987688340595138
-0.139173100960065,-0.99026806874157
-0.121869343405147,-0.992546151641322
-0.104528463267653,-0.994521895368273
-0.0871557427476582,-0.996194698091746
-0.0697564737441256,-0.997564050259824
-0.0523359562429443,-0.998629534754574
-0.0348994967025016,-0.999390827019096
-0.0174524064372835,-0.999847695156391
-1.83690953073357e-16,-1
0.0174524064372831,-0.999847695156391
0.0348994967025013,-0.999390827019096
0.0523359562429439,-0.998629534754574
0.0697564737441252,-0.997564050259824
0.0871557427476579,-0.996194698091746
0.104528463267653,-0.994521895368273
0.121869343405148,-0.992546151641322
0.139173100960065,-0.99026806874157
0.156434465040231,-0.987688340595138
0.17364817766693,-0.984807753012208
0.190808995376544,-0.981627183447664
0.207911690817759,-0.978147600733806
0.224951054343865,-0.974370064785235
0.241921895599667,-0.970295726275997
0.258819045102521,-0.965925826289068
0.275637355816999,-0.961261695938319
0.292371704722737,-0.956304755963035
0.309016994374947,-0.951056516295154
0.325568154457156,-0.945518575599317
0.342020143325668,-0.939692620785909
0.3583679495453,-0.933580426497202
0.374606593415912,-0.927183854566787
0.390731128489273,-0.92050485345244
0.406736643075801,-0.913545457642601
0.4226182617407,-0.90630778703665
0.438371146789077,-0.898794046299167
0.453990499739547,-0.891006524188368
0.46947156278589,-0.882947592858927
0.484809620246337,-0.874619707139396
0.5,-0.866025403784439
0.515038074910054,-0.857167300702112
0.529919264233205,-0.848048096156426
0.544639035015027,-0.838670567945424
0.559192903470746,-0.829037572555042
0.573576436351046,-0.819152044288992
0.587785252292473,-0.809016994374948
0.601815023152048,-0.798635510047293
0.615661475325659,-0.788010753606722
0.629320391049838,-0.777145961456971
0.642787609686539,-0.766044443118978
0.656059028990507,-0.754709580222772
0.669130606358858,-0.743144825477395
0.681998360062498,-0.731353701619171
0.694658370458997,-0.719339800338652
0.707106781186547,-0.707106781186548
0.719339800338651,-0.694658370458998
0.731353701619171,-0.681998360062498
0.743144825477394,-0.669130606358858
0.754709580222772,-0.656059028990507
0.766044443118978,-0.64278760968654
0.777145961456971,-0.629320391049838
0.788010753606722,-0.615661475325659
0.798635510047293,-0.601815023152048
0.809016994374947,-0.587785252292473
0.819152044288992,-0.573576436351046
0.829037572555041,-0.559192903470747
0.838670567945424,-0.544639035015027
0.848048096156425,-0.529919264233206
0.857167300702112,-0.515038074910054
0.866025403784438,-0.5
0.874619707139396,-0.484809620246337
0.882947592858927,-0.469471562785891
0.891006524188368,-0.453990499739547
0.898794046299167,-0.438371146789077
0.90630778703665,-0.4226182617407
0.913545457642601,-0.4067366430758
0.92050485345244,-0.390731128489275
0.927183854566787,-0.374606593415912
0.933580426497202,-0.358367949545301
0.939692620785908,-0.342020143325669
0.945518575599317,-0.325568154457158
0.951056516295154,-0.309016994374948
0.956304755963036,-0.292371704722736
0.961261695938319,-0.275637355817
0.965925826289068,-0.258819045102521
0.970295726275996,-0.241921895599668
0.974370064785235,-0.224951054343865
0.978147600733806,-0.20791169081776
0.981627183447664,-0.190808995376545
0.984807753012208,-0.173648177666931
0.987688340595138,-0.156434465040231
0.99026806874157,-0.139173100960066
0.992546151641322,-0.121869343405148
0.994521895368273,-0.104528463267653
0.996194698091746,-0.0871557427476583
0.997564050259824,-0.0697564737441248
0.998629534754574,-0.0523359562429444
0.999390827019096,-0.0348994967025008
0.999847695156391,-0.0174524064372844
1,-2.44921270764475e-16
-2,-1.5
-1.98,-1.5
-1.96,-1.5
-1.94,-1.5
-1.92,-1.5
-1.9,-1.5
-1.88,-1.5
-1.86,-1.5
-1.84,-1.5
-1.82,-1.5
-1.8,-1.5
-1.78,-1.5
-1.76,-1.5
-1.74,-1.5
-1.72,-1.5
-1.7,-1.5
-1.68,-1.5
-1.66,-1.5
-1.64,-1.5
-1.62,-1.5
-1.6,-1.5
-1.58,-1.5
-1.56,-1.5
-1.54,-1.5
-1.52,-1.5
-1.5,-1.5
-1.48,-1.5
-1.46,-1.5
-1.44,-1.5
-1.42,-1.5
-1.4,-1.5
-1.38,-1.5
-1.36,-1.5
-1.34,-1.5
-1.32,-1.5
-1.3,-1.5
-1.28,-1.5
-1.26,-1.5
-1.24,-1.5
-1.22,-1.5
-1.2,-1.5
-1.18,-1.5
-1.16,-1.5
-1.14,-1.5
-1.12,-1.5
-1.1,-1.5
-1.08,-1.5
-1.06,-1.5
-1.04,-1.5
-1.02,-1.5
-1,-1.5
-0.98,-1.5
-0.96,-1.5
-0.94,-1.5
-0.92,-1.5
-0.9,-1.5
-0.88,-1.5
-0.86,-1.5
-0.84,-1.5
-0.82,-1.5
-0.8,-1.5
-0.78,-1.5
-0.76,-1.5
-0.74,-1.5
-0.72,-1.5
-0.7,-1.5
-0.68,-1.5
-0.66,-1.5
-0.64,-1.5
-0.62,-1.5
-0.6,-1.5
-0.58,-1.5
-0.56,-1.5
-0.54,-1.5
-0.52,-1.5
-0.5,-1.5
-0.48,-1.5
-0.46,-1.5
-0.44,-1.5
-0.42,-1.5
-0.4,-1.5
-0.38,-1.5
-0.36,-1.5
-0.34,-1.5
-0.32,-1.5
-0.3,-1.5
-0.28,-1.5
-0.26,-1.5
-0.24,-1.5
-0.22,-1.5
-0.2,-1.5
-0.18,-1.5
-0.16,-1.5
-0.14,-1.5
-0.12,-1.5
-0.0999999999999999,-1.5
-0.0800000000000001,-1.5
-0.0600000000000001,-1.5
-0.04,-1.5
-0.02,-1.5
0,-1.5
0.02,-1.5
0.04,-1.5
0.0600000000000001,-1.5
0.0800000000000001,-1.5
0.1,-1.5
0.12,-1.5
0.14,-1.5
0.16,-1.5
0.18,-1.5
0.2,-1.5
0.22,-1.5
0.24,-1.5
0.26,-1.5
0.28,-1.5
0.3,-1.5
0.32,-1.5
0.34,-1.5
0.36,-1.5
0.38,-1.5
0.4,-1.5
0.42,-1.5
0.44,-1.5
0.46,-1.5
0.48,-1.5
0.5,-1.5
0.52,-1.5
0.54,-1.5
0.56,-1.5
0.58,-1.5
0.6,-1.5
0.62,-1.5
0.64,-1.5
0.66,-1.5
0.68,-1.5
0.7,-1.5
0.72,-1.5
0.74,-1.5
0.76,-1.5
0.78,-1.5
0.8,-1.5
0.82,-1.5
0.84,-1.5
0.86,-1.5
0.88,-1.5
0.9,-1.5
0.92,-1.5
0.94,-1.5
0.96,-1.5
0.98,-1.5
1,-1.5
1.02,-1.5
1.04,-1.5
1.06,-1.5
1.08,-1.5
1.1,-1.5
1.12,-1.5
1.14,-1.5
1.16,-1.5
1.18,-1.5
1.2,-1.5
1.22,-1.5
1.24,-1.5
1.26,-1.5
1.28,-1.5
1.3,-1.5
1.32,-1.5
1.34,-1.5
1.36,-1.5
1.38,-1.5
1.4,-1.5
1.42,-1.5
1.44,-1.5
1.46,-1.5
1.48,-1.5
1.5,-1.5
1.52,-1.5
1.54,-1.5
1.56,-1.5
1.58,-1.5
1.6,-1.5
1.62,-1.5
1.64,-1.5
1.66,-1.5
1.68,-1.5
1.7,-1.5
1.72,-1.5
1.74,-1.5
1.76,-1.5
1.78,-1.5
1.8,-1.5
1.82,-1.5
1.84,-1.5
1.86,-1.5
1.88,-1.5
1.9,-1.5
1.92,-1.5
1.94,-1.5
1.96,-1.5
1.98,-1.5
2,-1.5
-2.5,-2
-2.5,-2.02
-2.5,-2.04
-2.5,-2.06
-2.5,-2.08
-2.5,-2.1
-2.5,-2.12
-2.5,-2.14
-2.5,-2.16
-2.5,-2.18
-2.5,-2.2
-2.5,-2.22
-2.5,-2.24
-2.5,-2.26
-2.5,-2.28
-2.5,-2.3
-2.5,-2.32
-2.5,-2.34
-2.5,-2.36
-2.5,-2.38
-2.5,-2.4
-2.5,-2.42
-2.5,-2.44
-2.5,-2.46
-2.5,-2.48
-2.5,-2.5
-2.5,-2.52
-2.5,-2.54
-2.5,-2.56
-2.5,-2.58
-2.5,-2.6
-2.5,-2.62
-2.5,-2.64
-2.5,-2.66
-2.5,-2.68
-2.5,-2.7
-2.5,-2.72
-2.5,-2.74
-2.5,-2.76
-2.5,-2.78
-2.5,-2.8
-2.5,-2.82
-2.5,-2.84
-2.5,-2.86
-2.5,-2.88
-2.5,-2.9
-2.5,-2.92
-2.5,-2.94
-2.5,-2.96
-2.5,-2.98
-2.5,-3
-2.5,-3.02
-2.5,-3.04
-2.5,-3.06
-2.5,-3.08
-2.5,-3.1
-2.5,-3.12
-2.5,-3.14
-2.5,-3.16
-2.5,-3.18
-2.5,-3.2
-2.5,-3.22
-2.5,-3.24
-2.5,-3.26
-2.5,-3.28
-2.5,-3.3
-2.5,-3.32
-2.5,-3.34
-2.5,-3.36
-2.5,-3.38
-2.5,-3.4
-2.5,-3.42
-2.5,-3.44
-2.5,-3.46
-2.5,-3.48
-2.5,-3.5
-2.5,-3.52
-2.5,-3.54
-2.5,-3.56
-2.5,-3.58
-2.5,-3.6
-2.5,-3.62
-2.5,-3.64
-2.5,-3.66
-2.5,-3.68
-2.5,-3.7
-2.5,-3.72
-2.5,-3.74
-2.5,-3.76
-2.5,-3.78
-2.5,-3.8
-2.5,-3.82
-2.5,-3.84
-2.5,-3.86
-2.5,-3.88
-2.5,-3.9
-2.5,-3.92
-2.5,-3.94
-2.5,-3.96
-2.5,-3.98
-2.5,-4
-2.5,-4.02
-2.5,-4.04
-2.5,-4.06
-2.5,-4.08
-2.5,-4.1
-2.5,-4.12
-2.5,-4.14
-2.5,-4.16
-2.5,-4.18
-2.5,-4.2
-2.5,-4.22
-2.5,-4.24
-2.5,-4.26
-2.5,-4.28
-2.5,-4.3
-2.5,-4.32
-2.5,-4.34
-2.5,-4.36
-2.5,-4.38
-2.5,-4.4
-2.5,-4.42
-2.5,-4.44
-2.5,-4.46
-2.5,-4.48
-2.5,-4.5
-2.5,-4.52
-2.5,-4.54
-2.5,-4.56
-2.5,-4.58
-2.5,-4.6
-2.5,-4.62
-2.5,-4.64
-2.5,-4.66
-2.5,-4.68
-2.5,-4.7
-2.5,-4.72
-2.5,-4.74
-2.5,-4.76
-2.5,-4.78
-2.5,-4.8
-2.5,-4.82
-2.5,-4.84
-2.5,-4.86
-2.5,-4.88
-2.5,-4.9
-2.5,-4.92
-2.5,-4.94
-2.5,-4.96
-2.5,-4.98
-2.5,-5
-2.5,-5.02
-2.5,-5.04
-2.5,-5.06
-2.5,-5.08
-2.5,-5.1
-2.5,-5.12
-2.5,-5.14
-2.5,-5.16
-2.5,-5.18
-2.5,-5.2
-2.5,-5.22
-2.5,-5.24
-2.5,-5.26
-2.5,-5.28
-2.5,-5.3
-2.5,-5.32
-2.5,-5.34
-2.5,-5.36
-2.5,-5.38
-2.5,-5.4
-2.5,-5.42
-2.5,-5.44
-2.5,-5.46
-2.5,-5.48
-2.5,-5.5
-2.5,-5.52
-2.5,-5.54
-2.5,-5.56
-2.5,-5.58
-2.5,-5.6
-2.5,-5.62
-2.5,-5.64
-2.5,-5.66
-2.5,-5.68
-2.5,-5.7
-2.5,-5.72
-2.5,-5.74
-2.5,-5.76
-2.5,-5.78
-2.5,-5.8
-2.5,-5.82
-2.5,-5.84
-2.5,-5.86
-2.5,-5.88
-2.5,-5.9
-2.5,-5.92
-2.5,-5.94
-2.5,-5.96
-2.5,-5.98
-2.5,-6
2.5,-2
2.5,-2.02
2.5,-2.04
2.5,-2.06
2.5,-2.08
2.5,-2.1
2.5,-2.12
2.5,-2.14
2.5,-2.16
2.5,-2.18
2.5,-2.2
2.5,-2.22
2.5,-2.24
2.5,-2.26
2.5,-2.28
2.5,-2.3
2.5,-2.32
2.5,-2.34
2.5,-2.36
2.5,-2.38
2.5,-2.4
2.5,-2.42
2.5,-2.44
2.5,-2.46
2.5,-2.48
2.5,-2.5
2.5,-2.52
2.5,-2.54
2.5,-2.56
2.5,-2.58
2.5,-2.6
2.5,-2.62
2.5,-2.64
2.5,-2.66
2.5,-2.68
2.5,-2.7
2.5,-2.72
2.5,-2.74
2.5,-2.76
2.5,-2.78
2.5,-2.8
2.5,-2.82
2.5,-2.84
2.5,-2.86
2.5,-2.88
2.5,-2.9
2.5,-2.92
2.5,-2.94
2.5,-2.96
2.5,-2.98
2.5,-3
2.5,-3.02
2.5,-3.04
2.5,-3.06
2.5,-3.08
2.5,-3.1
2.5,-3.12
2.5,-3.14
2.5,-3.16
2.5,-3.18
2.5,-3.2
2.5,-3.22
2.5,-3.24
2.5,-3.26
2.5,-3.28
2.5,-3.3
2.5,-3.32
2.5,-3.34
2.5,-3.36
2.5,-3.38
2.5,-3.4
2.5,-3.42
2.5,-3.44
2.5,-3.46
2.5,-3.48
2.5,-3.5
2.5,-3.52
2.5,-3.54
2.5,-3.56
2.5,-3.58
2.5,-3.6
2.5,-3.62
2.5,-3.64
2.5,-3.66
2.5,-3.68
2.5,-3.7
2.5,-3.72
2.5,-3.74
2.5,-3.76
2.5,-3.78
2.5,-3.8
2.5,-3.82
2.5,-3.84
2.5,-3.86
2.5,-3.88
2.5,-3.9
2.5,-3.92
2.5,-3.94
2.5,-3.96
2.5,-3.98
2.5,-4
2.5,-4.02
2.5,-4.04
2.5,-4.06
2.5,-4.08
2.5,-4.1
2.5,-4.12
2.5,-4.14
2.5,-4.16
2.5,-4.18
2.5,-4.2
2.5,-4.22
2.5,-4.24
2.5,-4.26
2.5,-4.28
2.5,-4.3
2.5,-4.32
2.5,-4.34
2.5,-4.36
2.5,-4.38
2.5,-4.4
2.5,-4.42
2.5,-4.44
2.5,-4.46
2.5,-4.48
2.5,-4.5
2.5,-4.52
2.5,-4.54
2.5,-4.56
2.5,-4.58
2.5,-4.6
2.5,-4.62
2.5,-4.64
2.5,-4.66
2.5,-4.68
2.5,-4.7
2.5,-4.72
2.5,-4.74
2.5,-4.76
2.5,-4.78
2.5,-4.8
2.5,-4.82
2.5,-4.84
2.5,-4.86
2.5,-4.88
2.5,-4.9
2.5,-4.92
2.5,-4.94
2.5,-4.96
2.5,-4.98
2.5,-5
2.5,-5.02
2.5,-5.04
2.5,-5.06
2.5,-5.08
2.5,-5.1
2.5,-5.12
2.5,-5.14
2.5,-5.16
2.5,-5.18
2.5,-5.2
2.5,-5.22
2.5,-5.24
2.5,-5.26
2.5,-5.28
2.5,-5.3
2.5,-5.32
2.5,-5.34
2.5,-5.36
2.5,-5.38
2.5,-5.4
2.5,-5.42
2.5,-5.44
2.5,-5.46
2.5,-5.48
2.5,-5.5
2.5,-5.52
2.5,-5.54
2.5,-5.56
2.5,-5.58
2.5,-5.6
2.5,-5.62
2.5,-5.64
2.5,-5.66
2.5,-5.68
2.5,-5.7
2.5,-5.72
2.5,-5.74
2.5,-5.76
2.5,-5.78
2.5,-5.8
2.5,-5.82
2.5,-5.84
2.5,-5.86
2.5,-5.88
2.5,-5.9
2.5,-5.92
2.5,-5.94
2.5,-5.96
2.5,-5.98
2.5,-6
2.5,-2
2.4999238475782,-1.99127379678136
2.49969541350955,-1.98255025164875
2.49931476737729,-1.97383202187853
2.49878202512991,-1.96512176312794
2.49809734904587,-1.95642212862617
2.49726094768414,-1.94773576836617
2.49627307582066,-1.93906532829743
2.49513403437079,-1.93041344951997
2.49384417029757,-1.92178276747988
2.4924038765061,-1.91317591116653
2.49081359172383,-1.90459550231173
2.4890738003669,-1.89604415459112
2.48718503239262,-1.88752447282807
2.485147863138,-1.87903905220017
2.48296291314453,-1.87059047744874
2.48063084796916,-1.8621813220915
2.47815237798152,-1.85381414763863
2.47552825814758,-1.84549150281253
2.47275928779966,-1.83721592277142
2.46984631039295,-1.82898992833717
2.4667902132486,-1.82081602522735
2.46359192728339,-1.81269670329204
2.46025242672622,-1.80463443575536
2.4567727288213,-1.7966316784621
2.45315389351833,-1.78869086912965
2.44939702314958,-1.78081442660546
2.44550326209418,-1.77300475013023
2.44147379642946,-1.76526421860705
2.4373098535697,-1.75759518987683
2.43301270189222,-1.75
2.42858365035106,-1.74248096254497
2.42402404807821,-1.7350403678834
2.41933528397271,-1.72768048249249
2.41451878627752,-1.72040354826463
2.4095760221445,-1.71321178182448
2.40450849718747,-1.70610737385376
2.39931775502365,-1.69909248842398
2.39400537680336,-1.69216926233717
2.38857298072849,-1.68533980447508
2.38302222155949,-1.67860619515673
2.37735479011139,-1.67197048550475
2.3715724127387,-1.66543469682057
2.36567685080959,-1.65900081996875
2.35966990016933,-1.6526708147705
2.35355339059327,-1.64644660940673
2.3473291852295,-1.64033009983067
2.34099918003125,-1.63432314919041
2.33456530317943,-1.6284275872613
2.32802951449525,-1.62264520988861
2.32139380484327,-1.61697777844051
2.31466019552492,-1.61142701927151
2.30783073766283,-1.60599462319664
2.30090751157602,-1.60068224497635
2.29389262614624,-1.59549150281253
2.28678821817552,-1.5904239778555
2.27959645173537,-1.58548121372248
2.27231951750751,-1.58066471602729
2.2649596321166,-1.57597595192179
2.25751903745503,-1.57141634964894
2.25,-1.56698729810778
2.24240481012317,-1.5626901464303
2.23473578139295,-1.55852620357054
2.22699524986977,-1.55449673790582
2.21918557339454,-1.55060297685042
2.21130913087035,-1.54684610648167
2.2033683215379,-1.5432272711787
2.19536556424464,-1.53974757327378
2.18730329670796,-1.53640807271661
2.17918397477265,-1.5332097867514
2.17101007166283,-1.53015368960705
2.16278407722858,-1.52724071220034
2.15450849718747,-1.52447174185242
2.14618585236137,-1.52184762201848
2.1378186779085,-1.51936915203084
2.12940952255126,-1.51703708685547
2.12096094779983,-1.514852136862
2.11247552717193,-1.51281496760738
2.10395584540888,-1.5109261996331
2.09540449768827,-1.50918640827617
2.08682408883347,-1.5075961234939
2.07821723252012,-1.50615582970243
2.06958655048003,-1.50486596562921
2.06093467170257,-1.50372692417934
2.05226423163383,-1.50273905231586
2.04357787137383,-1.50190265095413
2.03487823687206,-1.50121797487009
2.02616797812147,-1.50068523262271
2.01744974835125,-1.50030458649045
2.00872620321864,-1.5000761524218
2,-1.5
-2,-1.5
-2.00872620321864,-1.5000761524218
-2.01744974835125,-1.50030458649045
-2.02616797812147,-1.50068523262271
-2.03487823687206,-1.50121797487009
-2.04357787137383,-1.50190265095413
-2.05226423163383,-1.50273905231586
-2.06093467170257,-1.50372692417934
-2.06958655048003,-1.50486596562921
-2.07821723252012,-1.50615582970243
-2.08682408883347,-1.5075961234939
-2.09540449768827,-1.50918640827617
-2.10395584540888,-1.5109261996331
-2.11247552717193,-1.51281496760738
-2.12096094779983,-1.514852136862
-2.12940952255126,-1.51703708685547
-2.1378186779085,-1.51936915203084
-2.14618585236137,-1.52184762201848
-2.15450849718747,-1.52447174185242
-2.16278407722858,-1.52724071220034
-2.17101007166283,-1.53015368960705
-2.17918397477265,-1.5332097867514
-2.18730329670796,-1.53640807271661
-2.19536556424464,-1.53974757327378
-2.2033683215379,-1.5432272711787
-2.21130913087035,-1.54684610648167
-2.21918557339454,-1.55060297685042
-2.22699524986977,-1.55449673790582
-2.23473578139295,-1.55852620357054
-2.24240481012317,-1.5626901464303
-2.25,-1.56698729810778
-2.25751903745503,-1.57141634964894
-2.2649596321166,-1.57597595192179
-2.27231951750751,-1.58066471602729
-2.27959645173537,-1.58548121372248
-2.28678821817552,-1.5904239778555
-2.29389262614624,-1.59549150281253
-2.30090751157602,-1.60068224497635
-2.30783073766283,-1.60599462319664
-2.31466019552492,-1.61142701927151
-2.32139380484327,-1.61697777844051
-2.32802951449525,-1.62264520988861
-2.33456530317943,-1.6284275872613
-2.34099918003125,-1.63432314919041
-2.3473291852295,-1.64033009983067
-2.35355339059327,-1.64644660940673
-2.35966990016933,-1.6526708147705
-2.36567685080959,-1.65900081996875
-2.3715724127387,-1.66543469682057
-2.37735479011139,-1.67197048550475
-2.38302222155949,-1.67860619515673
-2.38857298072849,-1.68533980447508
-2.39400537680336,-1.69216926233717
-2.39931775502365,-1.69909248842398
-2.40450849718747,-1.70610737385376
-2.4095760221445,-1.71321178182448
-2.41451878627752,-1.72040354826463
-2.41933528397271,-1.72768048249249
-2.42402404807821,-1.7350403678834
-2.42858365035106,-1.74248096254497
-2.43301270189222,-1.75
-2.4373098535697,-1.75759518987683
-2.44147379642946,-1.76526421860705
-2.44550326209418,-1.77300475013023
-2.44939702314958,-1.78081442660546
-2.45315389351833,-1.78869086912965
-2.4567727288213,-1.7966316784621
-2.46025242672622,-1.80463443575536
-2.46359192728339,-1.81269670329204
-2.4667902132486,-1.82081602522735
-2.46984631039295,-1.82898992833717
-2.47275928779966,-1.83721592277142
-2.47552825814758,-1.84549150281253
-2.47815237798152,-1.85381414763863
-2.48063084796916,-1.8621813220915
-2.48296291314453,-1.87059047744874
-2.485147863138,-1.87903905220017
-2.48718503239262,-1.88752447282807
-2.4890738003669,-1.89604415459112
-2.49081359172383,-1.90459550231173
-2.4924038765061,-1.91317591116653
-2.49384417029757,-1.92178276747988
-2.49513403437079,-1.93041344951997
-2.49627307582066,-1.93906532829743
-2.49726094768414,-1.94773576836617
-2.49809734904587,-1.95642212862617
-2.49878202512991,-1.96512176312794
-2.49931476737729,-1.97383202187853
-2.49969541350955,-1.98255025164875
-2.4999238475782,-1.99127379678136
-2.5,-2
-1.8,-2.5
-1.8,-2.52
-1.8,-2.54
-1.8,-2.56
-1.8,-2.58
-1.8,-2.6
-1.8,-2.62
-1.8,-2.64
-1.8,-2.66
-1.8,-2.68
-1.8,-2.7
-1.8,-2.72
-1.8,-2.74
-1.8,-2.76
-1.8,-2.78
-1.8,-2.8
-1.8,-2.82
-1.8,-2.84
-1.8,-2.86
-1.8,-2.88
-1.8,-2.9
-1.8,-2.92
-1.8,-2.94
-1.8,-2.96
-1.8,-2.98
-1.8,-3
-1.8,-3.02
-1.8,-3.04
-1.8,-3.06
-1.8,-3.08
-1.8,-3.1
-1.8,-3.12
-1.8,-3.14
-1.8,-3.16
-1.8,-3.18
-1.8,-3.2
-1.8,-3.22
-1.8,-3.24
-1.8,-3.26
-1.8,-3.28
-1.8,-3.3
-1.8,-3.32
-1.8,-3.34
-1.8,-3.36
-1.8,-3.38
-1.8,-3.4
-1.8,-3.42
-1.8,-3.44
-1.8,-3.46
-1.8,-3.48
-1.8,-3.5
-1.8,-3.52
-1.8,-3.54
-1.8,-3.56
-1.8,-3.58
-1.8,-3.6
-1.8,-3.62
-1.8,-3.64
-1.8,-3.66
-1.8,-3.68
-1.8,-3.7
-1.8,-3.72
-1.8,-3.74
-1.8,-3.76
-1.8,-3.78
-1.8,-3.8
-1.8,-3.82
-1.8,-3.84
-1.8,-3.86
-1.8,-3.88
-1.8,-3.9
-1.8,-3.92
-1.8,-3.94
-1.8,-3.96
-1.8,-3.98
-1.8,-4
-1.8,-4.02
-1.8,-4.04
-1.8,-4.06
-1.8,-4.08
-1.8,-4.1
-1.8,-4.12
-1.8,-4.14
-1.8,-4.16
-1.8,-4.18
-1.8,-4.2
-1.8,-4.22
-1.8,-4.24
-1.8,-4.26
-1.8,-4.28
-1.8,-4.3
-1.8,-4.32
-1.8,-4.34
-1.8,-4.36
-1.8,-4.38
-1.8,-4.4
-1.8,-4.42
-1.8,-4.44
-1.8,-4.46
-1.8,-4.48
-1.8,-4.5
-1.8,-4.52
-1.8,-4.54
-1.8,-4.56
-1.8,-4.58
-1.8,-4.6
-1.8,-4.62
-1.8,-4.64
-1.8,-4.66
-1.8,-4.68
-1.8,-4.7
-1.8,-4.72
-1.8,-4.74
-1.8,-4.76
-1.8,-4.78
-1.8,-4.8
-1.8,-4.82
-1.8,-4.84
-1.8,-4.86
-1.8,-4.88
-1.8,-4.9
-1.8,-4.92
-1.8,-4.94
-1.8,-4.96
-1.8,-4.98
-1.8,-5
-1.8,-5.02
-1.8,-5.04
-1.8,-5.06
-1.8,-5.08
-1.8,-5.1
-1.8,-5.12
-1.8,-5.14
-1.8,-5.16
-1.8,-5.18
-1.8,-5.2
-1.8,-5.22
-1.8,-5.24
-1.8,-5.26
-1.8,-5.28
-1.8,-5.3
-1.8,-5.32
-1.8,-5.34
-1.8,-5.36
-1.8,-5.38
-1.8,-5.4
-1.8,-5.42
-1.8,-5.44
-1.8,-5.46
-1.8,-5.48
-1.8,-5.5
-1.8,-5.52
-1.8,-5.54
-1.8,-5.56
-1.8,-5.58
-1.8,-5.6
-1.8,-5.62
-1.8,-5.64
-1.8,-5.66
-1.8,-5.68
-1.8,-5.7
-1.8,-5.72
-1.8,-5.74
-1.8,-5.76
-1.8,-5.78
-1.8,-5.8
-1.8,-5.82
-1.8,-5.84
-1.8,-5.86
-1.8,-5.88
-1.8,-5.9
-1.8,-5.92
-1.8,-5.94
-1.8,-5.96
-1.8,-5.98
-1.8,-6
1.8,-2.5
1.8,-2.52
1.8,-2.54
1.8,-2.56
1.8,-2.58
1.8,-2.6
1.8,-2.62
1.8,-2.64
1.8,-2.66
1.8,-2.68
1.8,-2.7
1.8,-2.72
1.8,-2.74
1.8,-2.76
1.8,-2.78
1.8,-2.8
1.8,-2.82
1.8,-2.84
1.8,-2.86
1.8,-2.88
1.8,-2.9
1.8,-2.92
1.8,-2.94
1.8,-2.96
1.8,-2.98
1.8,-3
1.8,-3.02
1.8,-3.04
1.8,-3.06
1.8,-3.08
1.8,-3.1
1.8,-3.12
1.8,-3.14
1.8,-3.16
1.8,-3.18
1.8,-3.2
1.8,-3.22
1.8,-3.24
1.8,-3.26
1.8,-3.28
1.8,-3.3
1.8,-3.32
1.8,-3.34
1.8,-3.36
1.8,-3.38
1.8,-3.4
1.8,-3.42
1.8,-3.44
1.8,-3.46
1.8,-3.48
1.8,-3.5
1.8,-3.52
1.8,-3.54
1.8,-3.56
1.8,-3.58
1.8,-3.6
1.8,-3.62
1.8,-3.64
1.8,-3.66
1.8,-3.68
1.8,-3.7
1.8,-3.72
1.8,-3.74
1.8,-3.76
1.8,-3.78
1.8,-3.8
1.8,-3.82
1.8,-3.84
1.8,-3.86
1.8,-3.88
1.8,-3.9
1.8,-3.92
1.8,-3.94
1.8,-3.96
1.8,-3.98
1.8,-4
1.8,-4.02
1.8,-4.04
1.8,-4.06
1.8,-4.08
1.8,-4.1
1.8,-4.12
1.8,-4.14
1.8,-4.16
1.8,-4.18
1.8,-4.2
1.8,-4.22
1.8,-4.24
1.8,-4.26
1.8,-4.28
1.8,-4.3
1.8,-4.32
1.8,-4.34
1.8,-4.36
1.8,-4.38
1.8,-4.4
1.8,-4.42
1.8,-4.44
1.8,-4.46
1.8,-4.48
1.8,-4.5
1.8,-4.52
1.8,-4.54
1.8,-4.56
1.8,-4.58
1.8,-4.6
1.8,-4.62
1.8,-4.64
1.8,-4.66
1.8,-4.68
1.8,-4.7
1.8,-4.72
1.8,-4.74
1.8,-4.76
1.8,-4.78
1.8,-4.8
1.8,-4.82
1.8,-4.84
1.8,-4.86
1.8,-4.88
1.8,-4.9
1.8,-4.92
1.8,-4.94
1.8,-4.96
1.8,-4.98
1.8,-5
1.8,-5.02
1.8,-5.04
1.8,-5.06
1.8,-5.08
1.8,-5.1
1.8,-5.12
1.8,-5.14
1.8,-5.16
1.8,-5.18
1.8,-5.2
1.8,-5.22
1.8,-5.24
1.8,-5.26
1.8,-5.28
1.8,-5.3
1.8,-5.32
1.8,-5.34
1.8,-5.36
1.8,-5.38
1.8,-5.4
1.8,-5.42
1.8,-5.44
1.8,-5.46
1.8,-5.48
1.8,-5.5
1.8,-5.52
1.8,-5.54
1.8,-5.56
1.8,-5.58
1.8,-5.6
1.8,-5.62
1.8,-5.64
1.8,-5.66
1.8,-5.68
1.8,-5.7
1.8,-5.72
1.8,-5.74
1.8,-5.76
1.8,-5.78
1.8,-5.8
1.8,-5.82
1.8,-5.84
1.8,-5.86
1.8,-5.88
1.8,-5.9
1.8,-5.92
1.8,-5.94
1.8,-5.96
1.8,-5.98
1.8,-6
-1.5,-2.5
-1.5,-2.52
-1.5,-2.54
-1.5,-2.56
-1.5,-2.58
-1.5,-2.6
-1.5,-2.62
-1.5,-2.64
-1.5,-2.66
-1.5,-2.68
-1.5,-2.7
-1.5,-2.72
-1.5,-2.74
-1.5,-2.76
-1.5,-2.78
-1.5,-2.8
-1.5,-2.82
-1.5,-2.84
-1.5,-2.86
-1.5,-2.88
-1.5,-2.9
-1.5,-2.92
-1.5,-2.94
-1.5,-2.96
-1.5,-2.98
-1.5,-3
-1.5,-3.02
-1.5,-3.04
-1.5,-3.06
-1.5,-3.08
-1.5,-3.1
-1.5,-3.12
-1.5,-3.14
-1.5,-3.16
-1.5,-3.18
-1.5,-3.2
-1.5,-3.22
-1.5,-3.24
-1.5,-3.26
-1.5,-3.28
-1.5,-3.3
-1.5,-3.32
-1.5,-3.34
-1.5,-3.36
-1.5,-3.38
-1.5,-3.4
-1.5,-3.42
-1.5,-3.44
-1.5,-3.46
-1.5,-3.48
-1.5,-3.5
-1.5,-3.52
-1.5,-3.54
-1.5,-3.56
-1.5,-3.58
-1.5,-3.6
-1.5,-3.62
-1.5,-3.64
-1.5,-3.66
-1.5,-3.68
-1.5,-3.7
-1.5,-3.72
-1.5,-3.74
-1.5,-3.76
-1.5,-3.78
-1.5,-3.8
-1.5,-3.82
-1.5,-3.84
-1.5,-3.86
-1.5,-3.88
-1.5,-3.9
-1.5,-3.92
-1.5,-3.94
-1.5,-3.96
-1.5,-3.98
-1.5,-4
-1.5,-4.02
-1.5,-4.04
-1.5,-4.06
-1.5,-4.08
-1.5,-4.1
-1.5,-4.12
-1.5,-4.14
-1.5,-4.16
-1.5,-4.18
-1.5,-4.2
-1.5,-4.22
-1.5,-4.24
-1.5,-4.26
-1.5,-4.28
-1.5,-4.3
-1.5,-4.32
-1.5,-4.34
-1.5,-4.36
-1.5,-4.38
-1.5,-4.4
-1.5,-4.42
-1.5,-4.44
-1.5,-4.46
-1.5,-4.48
-1.5,-4.5
-1.5,-4.52
-1.5,-4.54
-1.5,-4.56
-1.5,-4.58
-1.5,-4.6
-1.5,-4.62
-1.5,-4.64
-1.5,-4.66
-1.5,-4.68
-1.5,-4.7
-1.5,-4.72
-1.5,-4.74
-1.5,-4.76
-1.5,-4.78
-1.5,-4.8
-1.5,-4.82
-1.5,-4.84
-1.5,-4.86
-1.5,-4.88
-1.5,-4.9
-1.5,-4.92
-1.5,-4.94
-1.5,-4.96
-1.5,-4.98
-1.5,-5
-1.5,-5.02
-1.5,-5.04
-1.5,-5.06
-1.5,-5.08
-1.5,-5.1
-1.5,-5.12
-1.5,-5.14
-1.5,-5.16
-1.5,-5.18
-1.5,-5.2
-1.5,-5.22
-1.5,-5.24
-1.5,-5.26
-1.5,-5.28
-1.5,-5.3
-1.5,-5.32
-1.5,-5.34
-1.5,-5.36
-1.5,-5.38
-1.5,-5.4
-1.5,-5.42
-1.5,-5.44
-1.5,-5.46
-1.5,-5.48
-1.5,-5.5
-1.5,-5.52
-1.5,-5.54
-1.5,-5.56
-1.5,-5.58
-1.5,-5.6
-1.5,-5.62
-1.5,-5.64
-1.5,-5.66
-1.5,-5.68
-1.5,-5.7
-1.5,-5.72
-1.5,-5.74
-1.5,-5.76
-1.5,-5.78
-1.5,-5.8
-1.5,-5.82
-1.5,-5.84
-1.5,-5.86
-1.5,-5.88
-1.5,-5.9
-1.5,-5.92
-1.5,-5.94
-1.5,-5.96
-1.5,-5.98
-1.5,-6
-1.5,-6.02
-1.5,-6.04
-1.5,-6.06
-1.5,-6.08
-1.5,-6.1
-1.5,-6.12
-1.5,-6.14
-1.5,-6.16
-1.5,-6.18
-1.5,-6.2
-1.5,-6.22
-1.5,-6.24
-1.5,-6.26
-1.5,-6.28
-1.5,-6.3
-1.5,-6.32
-1.5,-6.34
-1.5,-6.36
-1.5,-6.38
-1.5,-6.4
-1.5,-6.42
-1.5,-6.44
-1.5,-6.46
-1.5,-6.48
-1.5,-6.5
-1.5,-6.52
-1.5,-6.54
-1.5,-6.56
-1.5,-6.58
-1.5,-6.6
-1.5,-6.62
-1.5,-6.64
-1.5,-6.66
-1.5,-6.68
-1.5,-6.7
-1.5,-6.72
-1.5,-6.74
-1.5,-6.76
-1.5,-6.78
-1.5,-6.8
-1.5,-6.82
-1.5,-6.84
-1.5,-6.86
-1.5,-6.88
-1.5,-6.9
-1.5,-6.92
-1.5,-6.94
-1.5,-6.96
-1.5,-6.98
-1.5,-7
-1.5,-7.02
-1.5,-7.04
-1.5,-7.06
-1.5,-7.08
-1.5,-7.1
-1.5,-7.12
-1.5,-7.14
-1.5,-7.16
-1.5,-7.18
-1.5,-7.2
-1.5,-7.22
-1.5,-7.24
-1.5,-7.26
-1.5,-7.28
-1.5,-7.3
-1.5,-7.32
-1.5,-7.34
-1.5,-7.36
-1.5,-7.38
-1.5,-7.4
-1.5,-7.42
-1.5,-7.44
-1.5,-7.46
-1.5,-7.48
-1.5,-7.5
-1.5,-7.52
-1.5,-7.54
-1.5,-7.56
-1.5,-7.58
-1.5,-7.6
-1.5,-7.62
-1.5,-7.64
-1.5,-7.66
-1.5,-7.68
-1.5,-7.7
-1.5,-7.72
-1.5,-7.74
-1.5,-7.76
-1.5,-7.78
-1.5,-7.8
-1.5,-7.82
-1.5,-7.84
-1.5,-7.86
-1.5,-7.88
-1.5,-7.9
-1.5,-7.92
-1.5,-7.94
-1.5,-7.96
-1.5,-7.98
-1.5,-8
-1.5,-8.02
-1.5,-8.04
-1.5,-8.06
-1.5,-8.08
-1.5,-8.1
-1.5,-8.12
-1.5,-8.14
-1.5,-8.16
-1.5,-8.18
-1.5,-8.2
-1.5,-8.22
-1.5,-8.24
-1.5,-8.26
-1.5,-8.28
-1.5,-8.3
-1.5,-8.32
-1.5,-8.34
-1.5,-8.36
-1.5,-8.38
-1.5,-8.4
-1.5,-8.42
-1.5,-8.44
-1.5,-8.46
-1.5,-8.48
-1.5,-8.5
-1.5,-8.52
-1.5,-8.54
-1.5,-8.56
-1.5,-8.58
-1.5,-8.6
-1.5,-8.62
-1.5,-8.64
-1.5,-8.66
-1.5,-8.68
-1.5,-8.7
-1.5,-8.72
-1.5,-8.74
-1.5,-8.76
-1.5,-8.78
-1.5,-8.8
-1.5,-8.82
-1.5,-8.84
-1.5,-8.86
-1.5,-8.88
-1.5,-8.9
-1.5,-8.92
-1.5,-8.94
-1.5,-8.96
-1.5,-8.98
-1.5,-9
-1.5,-9.02
-1.5,-9.04
-1.5,-9.06
-1.5,-9.08
-1.5,-9.1
-1.5,-9.12
-1.5,-9.14
-1.5,-9.16
-1.5,-9.18
-1.5,-9.2
-1.5,-9.22
-1.5,-9.24
-1.5,-9.26
-1.5,-9.28
-1.5,-9.3
-1.5,-9.32
-1.5,-9.34
-1.5,-9.36
-1.5,-9.38
-1.5,-9.4
-1.5,-9.42
-1.5,-9.44
-1.5,-9.46
-1.5,-9.48
-1.5,-9.5
-1.5,-9.52
-1.5,-9.54
-1.5,-9.56
-1.5,-9.58
-1.5,-9.6
-1.5,-9.62
-1.5,-9.64
-1.5,-9.66
-1.5,-9.68
-1.5,-9.7
-1.5,-9.72
-1.5,-9.74
-1.5,-9.76
-1.5,-9.78
-1.5,-9.8
-1.5,-9.82
-1.5,-9.84
-1.5,-9.86
-1.5,-9.88
-1.5,-9.9
-1.5,-9.92
-1.5,-9.94
-1.5,-9.96
-1.5,-9.98
-1.5,-10
1.5,-2.5
1.5,-2.52
1.5,-2.54
1.5,-2.56
1.5,-2.58
1.5,-2.6
1.5,-2.62
1.5,-2.64
1.5,-2.66
1.5,-2.68
1.5,-2.7
1.5,-2.72
1.5,-2.74
1.5,-2.76
1.5,-2.78
1.5,-2.8
1.5,-2.82
1.5,-2.84
1.5,-2.86
1.5,-2.88
1.5,-2.9
1.5,-2.92
1.5,-2.94
1.5,-2.96
1.5,-2.98
1.5,-3
1.5,-3.02
1.5,-3.04
1.5,-3.06
1.5,-3.08
1.5,-3.1
1.5,-3.12
1.5,-3.14
1.5,-3.16
1.5,-3.18
1.5,-3.2
1.5,-3.22
1.5,-3.24
1.5,-3.26
1.5,-3.28
1.5,-3.3
1.5,-3.32
1.5,-3.34
1.5,-3.36
1.5,-3.38
1.5,-3.4
1.5,-3.42
1.5,-3.44
1.5,-3.46
1.5,-3.48
1.5,-3.5
1.5,-3.52
1.5,-3.54
1.5,-3.56
1.5,-3.58
1.5,-3.6
1.5,-3.62
1.5,-3.64
1.5,-3.66
1.5,-3.68
1.5,-3.7
1.5,-3.72
1.5,-3.74
1.5,-3.76
1.5,-3.78
1.5,-3.8
1.5,-3.82
1.5,-3.84
1.5,-3.86
1.5,-3.88
1.5,-3.9
1.5,-3.92
1.5,-3.94
1.5,-3.96
1.5,-3.98
1.5,-4
1.5,-4.02
1.5,-4.04
1.5,-4.06
1.5,-4.08
1.5,-4.1
1.5,-4.12
1.5,-4.14
1.5,-4.16
1.5,-4.18
1.5,-4.2
1.5,-4.22
1.5,-4.24
1.5,-4.26
1.5,-4.28
1.5,-4.3
1.5,-4.32
1.5,-4.34
1.5,-4.36
1.5,-4.38
1.5,-4.4
1.5,-4.42
1.5,-4.44
1.5,-4.46
1.5,-4.48
1.5,-4.5
1.5,-4.52
1.5,-4.54
1.5,-4.56
1.5,-4.58
1.5,-4.6
1.5,-4.62
1.5,-4.64
1.5,-4.66
1.5,-4.68
1.5,-4.7
1.5,-4.72
1.5,-4.74
1.5,-4.76
1.5,-4.78
1.5,-4.8
1.5,-4.82
1.5,-4.84
1.5,-4.86
1.5,-4.88
1.5,-4.9
1.5,-4.92
1.5,-4.94
1.5,-4.96
1.5,-4.98
1.5,-5
1.5,-5.02
1.5,-5.04
1.5,-5.06
1.5,-5.08
1.5,-5.1
1.5,-5.12
1.5,-5.14
1.5,-5.16
1.5,-5.18
1.5,-5.2
1.5,-5.22
1.5,-5.24
1.5,-5.26
1.5,-5.28
1.5,-5.3
1.5,-5.32
1.5,-5.34
1.5,-5.36
1.5,-5.38
1.5,-5.4
1.5,-5.42
1.5,-5.44
1.5,-5.46
1.5,-5.48
1.5,-5.5
1.5,-5.52
1.5,-5.54
1.5,-5.56
1.5,-5.58
1.5,-5.6
1.5,-5.62
1.5,-5.64
1.5,-5.66
1.5,-5.68
1.5,-5.7
1.5,-5.72
1.5,-5.74
1.5,-5.76
1.5,-5.78
1.5,-5.8
1.5,-5.82
1.5,-5.84
1.5,-5.86
1.5,-5.88
1.5,-5.9
1.5,-5.92
1.5,-5.94
1.5,-5.96
1.5,-5.98
1.5,-6
1.5,-6.02
1.5,-6.04
1.5,-6.06
1.5,-6.08
1.5,-6.1
1.5,-6.12
1.5,-6.14
1.5,-6.16
1.5,-6.18
1.5,-6.2
1.5,-6.22
1.5,-6.24
1.5,-6.26
1.5,-6.28
1.5,-6.3
1.5,-6.32
1.5,-6.34
1.5,-6.36
1.5,-6.38
1.5,-6.4
1.5,-6.42
1.5,-6.44
1.5,-6.46
1.5,-6.48
1.5,-6.5
1.5,-6.52
1.5,-6.54
1.5,-6.56
1.5,-6.58
1.5,-6.6
1.5,-6.62
1.5,-6.64
1.5,-6.66
1.5,-6.68
1.5,-6.7
1.5,-6.72
1.5,-6.74
1.5,-6.76
1.5,-6.78
1.5,-6.8
1.5,-6.82
1.5,-6.84
1.5,-6.86
1.5,-6.88
1.5,-6.9
1.5,-6.92
1.5,-6.94
1.5,-6.96
1.5,-6.98
1.5,-7
1.5,-7.02
1.5,-7.04
1.5,-7.06
1.5,-7.08
1.5,-7.1
1.5,-7.12
1.5,-7.14
1.5,-7.16
1.5,-7.18
1.5,-7.2
1.5,-7.22
1.5,-7.24
1.5,-7.26
1.5,-7.28
1.5,-7.3
1.5,-7.32
1.5,-7.34
1.5,-7.36
1.5,-7.38
1.5,-7.4
1.5,-7.42
1.5,-7.44
1.5,-7.46
1.5,-7.48
1.5,-7.5
1.5,-7.52
1.5,-7.54
1.5,-7.56
1.5,-7.58
1.5,-7.6
1.5,-7.62
1.5,-7.64
1.5,-7.66
1.5,-7.68
1.5,-7.7
1.5,-7.72
1.5,-7.74
1.5,-7.76
1.5,-7.78
1.5,-7.8
1.5,-7.82
1.5,-7.84
1.5,-7.86
1.5,-7.88
1.5,-7.9
1.5,-7.92
1.5,-7.94
1.5,-7.96
1.5,-7.98
1.5,-8
1.5,-8.02
1.5,-8.04
1.5,-8.06
1.5,-8.08
1.5,-8.1
1.5,-8.12
1.5,-8.14
1.5,-8.16
1.5,-8.18
1.5,-8.2
1.5,-8.22
1.5,-8.24
1.5,-8.26
1.5,-8.28
1.5,-8.3
1.5,-8.32
1.5,-8.34
1.5,-8.36
1.5,-8.38
1.5,-8.4
1.5,-8.42
1.5,-8.44
1.5,-8.46
1.5,-8.48
1.5,-8.5
1.5,-8.52
1.5,-8.54
1.5,-8.56
1.5,-8.58
1.5,-8.6
1.5,-8.62
1.5,-8.64
1.5,-8.66
1.5,-8.68
1.5,-8.7
1.5,-8.72
1.5,-8.74
1.5,-8.76
1.5,-8.78
1.5,-8.8
1.5,-8.82
1.5,-8.84
1.5,-8.86
1.5,-8.88
1.5,-8.9
1.5,-8.92
1.5,-8.94
1.5,-8.96
1.5,-8.98
1.5,-9
1.5,-9.02
1.5,-9.04
1.5,-9.06
1.5,-9.08
1.5,-9.1
1.5,-9.12
1.5,-9.14
1.5,-9.16
1.5,-9.18
1.5,-9.2
1.5,-9.22
1.5,-9.24
1.5,-9.26
1.5,-9.28
1.5,-9.3
1.5,-9.32
1.5,-9.34
1.5,-9.36
1.5,-9.38
1.5,-9.4
1.5,-9.42
1.5,-9.44
1.5,-9.46
1.5,-9.48
1.5,-9.5
1.5,-9.52
1.5,-9.54
1.5,-9.56
1.5,-9.58
1.5,-9.6
1.5,-9.62
1.5,-9.64
1.5,-9.66
1.5,-9.68
1.5,-9.7
1.5,-9.72
1.5,-9.74
1.5,-9.76
1.5,-9.78
1.5,-9.8
1.5,-9.82
1.5,-9.84
1.5,-9.86
1.5,-9.88
1.5,-9.9
1.5,-9.92
1.5,-9.94
1.5,-9.96
1.5,-9.98
1.5,-10
-0.2,-6
-0.2,-6.02
-0.2,-6.04
-0.2,-6.06
-0.2,-6.08
-0.2,-6.1
-0.2,-6.12
-0.2,-6.14
-0.2,-6.16
-0.2,-6.18
-0.2,-6.2
-0.2,-6.22
-0.2,-6.24
-0.2,-6.26
-0.2,-6.28
-0.2,-6.3
-0.2,-6.32
-0.2,-6.34
-0.2,-6.36
-0.2,-6.38
-0.2,-6.4
-0.2,-6.42
-0.2,-6.44
-0.2,-6.46
-0.2,-6.48
-0.2,-6.5
-0.2,-6.52
-0.2,-6.54
-0.2,-6.56
-0.2,-6.58
-0.2,-6.6
-0.2,-6.62
-0.2,-6.64
-0.2,-6.66
-0.2,-6.68
-0.2,-6.7
-0.2,-6.72
-0.2,-6.74
-0.2,-6.76
-0.2,-6.78
-0.2,-6.8
-0.2,-6.82
-0.2,-6.84
-0.2,-6.86
-0.2,-6.88
-0.2,-6.9
-0.2,-6.92
-0.2,-6.94
-0.2,-6.96
-0.2,-6.98
-0.2,-7
-0.2,-7.02
-0.2,-7.04
-0.2,-7.06
-0.2,-7.08
-0.2,-7.1
-0.2,-7.12
-0.2,-7.14
-0.2,-7.16
-0.2,-7.18
-0.2,-7.2
-0.2,-7.22
-0.2,-7.24
-0.2,-7.26
-0.2,-7.28
-0.2,-7.3
-0.2,-7.32
-0.2,-7.34
-0.2,-7.36
-0.2,-7.38
-0.2,-7.4
-0.2,-7.42
-0.2,-7.44
-0.2,-7.46
-0.2,-7.48
-0.2,-7.5
-0.2,-7.52
-0.2,-7.54
-0.2,-7.56
-0.2,-7.58
-0.2,-7.6
-0.2,-7.62
-0.2,-7.64
-0.2,-7.66
-0.2,-7.68
-0.2,-7.7
-0.2,-7.72
-0.2,-7.74
-0.2,-7.76
-0.2,-7.78
-0.2,-7.8
-0.2,-7.82
-0.2,-7.84
-0.2,-7.86
-0.2,-7.88
-0.2,-7.9
-0.2,-7.92
-0.2,-7.94
-0.2,-7.96
-0.2,-7.98
-0.2,-8
-0.2,-8.02
-0.2,-8.04
-0.2,-8.06
-0.2,-8.08
-0.2,-8.1
-0.2,-8.12
-0.2,-8.14
-0.2,-8.16
-0.2,-8.18
-0.2,-8.2
-0.2,-8.22
-0.2,-8.24
-0.2,-8.26
-0.2,-8.28
-0.2,-8.3
-0.2,-8.32
-0.2,-8.34
-0.2,-8.36
-0.2,-8.38
-0.2,-8.4
-0.2,-8.42
-0.2,-8.44
-0.2,-8.46
-0.2,-8.48
-0.2,-8.5
-0.2,-8.52
-0.2,-8.54
-0.2,-8.56
-0.2,-8.58
-0.2,-8.6
-0.2,-8.62
-0.2,-8.64
-0.2,-8.66
-0.2,-8.68
-0.2,-8.7
-0.2,-8.72
-0.2,-8.74
-0.2,-8.76
-0.2,-8.78
-0.2,-8.8
-0.2,-8.82
-0.2,-8.84
-0.2,-8.86
-0.2,-8.88
-0.2,-8.9
-0.2,-8.92
-0.2,-8.94
-0.2,-8.96
-0.2,-8.98
-0.2,-9
-0.2,-9.02
-0.2,-9.04
-0.2,-9.06
-0.2,-9.08
-0.2,-9.1
-0.2,-9.12
-0.2,-9.14
-0.2,-9.16
-0.2,-9.18
-0.2,-9.2
-0.2,-9.22
-0.2,-9.24
-0.2,-9.26
-0.2,-9.28
-0.2,-9.3
-0.2,-9.32
-0.2,-9.34
-0.2,-9.36
-0.2,-9.38
-0.2,-9.4
-0.2,-9.42
-0.2,-9.44
-0.2,-9.46
-0.2,-9.48
-0.2,-9.5
-0.2,-9.52
-0.2,-9.54
-0.2,-9.56
-0.2,-9.58
-0.2,-9.6
-0.2,-9.62
-0.2,-9.64
-0.2,-9.66
-0.2,-9.68
-0.2,-9.7
-0.2,-9.72
-0.2,-9.74
-0.2,-9.76
-0.2,-9.78
-0.2,-9.8
-0.2,-9.82
-0.2,-9.84
-0.2,-9.86
-0.2,-9.88
-0.2,-9.9
-0.2,-9.92
-0.2,-9.94
-0.2,-9.96
-0.2,-9.98
-0.2,-10
0.2,-6
0.2,-6.02
0.2,-6.04
0.2,-6.06
0.2,-6.08
0.2,-6.1
0.2,-6.12
0.2,-6.14
0.2,-6.16
0.2,-6.18
0.2,-6.2
0.2,-6.22
0.2,-6.24
0.2,-6.26
0.2,-6.28
0.2,-6.3
0.2,-6.32
0.2,-6.34
0.2,-6.36
0.2,-6.38
0.2,-6.4
0.2,-6.42
0.2,-6.44
0.2,-6.46
0.2,-6.48
0.2,-6.5
0.2,-6.52
0.2,-6.54
0.2,-6.56
0.2,-6.58
0.2,-6.6
0.2,-6.62
0.2,-6.64
0.2,-6.66
0.2,-6.68
0.2,-6.7
0.2,-6.72
0.2,-6.74
0.2,-6.76
0.2,-6.78
0.2,-6.8
0.2,-6.82
0.2,-6.84
0.2,-6.86
0.2,-6.88
0.2,-6.9
0.2,-6.92
0.2,-6.94
0.2,-6.96
0.2,-6.98
0.2,-7
0.2,-7.02
0.2,-7.04
0.2,-7.06
0.2,-7.08
0.2,-7.1
0.2,-7.12
0.2,-7.14
0.2,-7.16
0.2,-7.18
0.2,-7.2
0.2,-7.22
0.2,-7.24
0.2,-7.26
0.2,-7.28
0.2,-7.3
0.2,-7.32
0.2,-7.34
0.2,-7.36
0.2,-7.38
0.2,-7.4
0.2,-7.42
0.2,-7.44
0.2,-7.46
0.2,-7.48
0.2,-7.5
0.2,-7.52
0.2,-7.54
0.2,-7.56
0.2,-7.58
0.2,-7.6
0.2,-7.62
0.2,-7.64
0.2,-7.66
0.2,-7.68
0.2,-7.7
0.2,-7.72
0.2,-7.74
0.2,-7.76
0.2,-7.78
0.2,-7.8
0.2,-7.82
0.2,-7.84
0.2,-7.86
0.2,-7.88
0.2,-7.9
0.2,-7.92
0.2,-7.94
0.2,-7.96
0.2,-7.98
0.2,-8
0.2,-8.02
0.2,-8.04
0.2,-8.06
0.2,-8.08
0.2,-8.1
0.2,-8.12
0.2,-8.14
0.2,-8.16
0.2,-8.18
0.2,-8.2
0.2,-8.22
0.2,-8.24
0.2,-8.26
0.2,-8.28
0.2,-8.3
0.2,-8.32
0.2,-8.34
0.2,-8.36
0.2,-8.38
0.2,-8.4
0.2,-8.42
0.2,-8.44
0.2,-8.46
0.2,-8.48
0.2,-8.5
0.2,-8.52
0.2,-8.54
0.2,-8.56
0.2,-8.58
0.2,-8.6
0.2,-8.62
0.2,-8.64
0.2,-8.66
0.2,-8.68
0.2,-8.7
0.2,-8.72
0.2,-8.74
0.2,-8.76
0.2,-8.78
0.2,-8.8
0.2,-8.82
0.2,-8.84
0.2,-8.86
0.2,-8.88
0.2,-8.9
0.2,-8.92
0.2,-8.94
0.2,-8.96
0.2,-8.98
0.2,-9
0.2,-9.02
0.2,-9.04
0.2,-9.06
0.2,-9.08
0.2,-9.1
0.2,-9.12
0.2,-9.14
0.2,-9.16
0.2,-9.18
0.2,-9.2
0.2,-9.22
0.2,-9.24
0.2,-9.26
0.2,-9.28
0.2,-9.3
0.2,-9.32
0.2,-9.34
0.2,-9.36
0.2,-9.38
0.2,-9.4
0.2,-9.42
0.2,-9.44
0.2,-9.46
0.2,-9.48
0.2,-9.5
0.2,-9.52
0.2,-9.54
0.2,-9.56
0.2,-9.58
0.2,-9.6
0.2,-9.62
0.2,-9.64
0.2,-9.66
0.2,-9.68
0.2,-9.7
0.2,-9.72
0.2,-9.74
0.2,-9.76
0.2,-9.78
0.2,-9.8
0.2,-9.82
0.2,-9.84
0.2,-9.86
0.2,-9.88
0.2,-9.9
0.2,-9.92
0.2,-9.94
0.2,-9.96
0.2,-9.98
0.2,-10
-2.5,-6
-2.49994669330474,-6.00610834225305
-2.49978678945668,-6.01221482384588
-2.4995203371641,-6.01831758468503
-2.49914741759094,-6.02441476581044
-2.49866814433211,-6.03050450996168
-2.4980826633789,-6.03658496214368
-2.49739115307446,-6.0426542701918
-2.49659382405955,-6.04871058533602
-2.4956909192083,-6.05475206276408
-2.49468271355427,-6.06077686218343
-2.49356951420668,-6.06678314838179
-2.49235166025683,-6.07276909178622
-2.49102952267483,-6.07873286902035
-2.4896035041966,-6.08467266345988
-2.48807403920117,-6.09058666578588
-2.48644159357841,-6.09647307453595
-2.48470666458706,-6.10233009665296
-2.4828697807033,-6.10815594803123
-2.48093150145976,-6.11394885406
-2.47889241727507,-6.11970705016398
-2.47675314927402,-6.12542878234086
-2.47451434909838,-6.13111230769557
-2.47217669870835,-6.13675589497125
-2.46974091017491,-6.14235782507653
-2.46720772546283,-6.14791639160924
-2.46457791620471,-6.15342990137618
-2.46185228346593,-6.15889667490884
-2.45903165750062,-6.16431504697506
-2.45611689749879,-6.16968336708622
-2.45310889132455,-6.175
-2.45000855524574,-6.18026332621852
-2.44681683365475,-6.18547174248162
-2.4435346987809,-6.19062366225526
-2.44016315039426,-6.19571751621476
-2.43670321550115,-6.20075175272287
-2.43315594803123,-6.20572483830237
-2.42952242851655,-6.21063525810322
-2.42580376376235,-6.21548151636398
-2.42200108650994,-6.22026213686744
-2.41811555509164,-6.22497566339029
-2.41414835307797,-6.22962066014668
-2.41010068891709,-6.2341957122256
-2.40597379556671,-6.23869942602187
-2.40176893011853,-6.24313042966065
-2.39748737341529,-6.24748737341529
-2.39313042966065,-6.25176893011853
-2.38869942602187,-6.25597379556671
-2.3841957122256,-6.26010068891709
-2.37962066014668,-6.26414835307797
-2.37497566339029,-6.26811555509164
-2.37026213686744,-6.27200108650994
-2.36548151636398,-6.27580376376235
-2.36063525810322,-6.27952242851655
-2.35572483830237,-6.28315594803123
-2.35075175272287,-6.28670321550115
-2.34571751621476,-6.29016315039426
-2.34062366225526,-6.2935346987809
-2.33547174248162,-6.29681683365475
-2.33026332621852,-6.30000855524574
-2.325,-6.30310889132455
-2.31968336708622,-6.30611689749879
-2.31431504697506,-6.30903165750062
-2.30889667490884,-6.31185228346593
-2.30342990137618,-6.31457791620471
-2.29791639160924,-6.31720772546283
-2.29235782507653,-6.31974091017491
-2.28675589497125,-6.32217669870835
-2.28111230769557,-6.32451434909838
-2.27542878234085,-6.32675314927402
-2.26970705016398,-6.32889241727507
-2.26394885406,-6.33093150145976
-2.25815594803123,-6.3328697807033
-2.25233009665296,-6.33470666458706
-2.24647307453595,-6.33644159357841
-2.24058666578588,-6.33807403920117
-2.23467266345988,-6.3396035041966
-2.22873286902035,-6.34102952267483
-2.22276909178622,-6.34235166025683
-2.21678314838179,-6.34356951420668
-2.21077686218343,-6.34468271355427
-2.20475206276408,-6.3456909192083
-2.19871058533602,-6.34659382405955
-2.1926542701918,-6.34739115307446
-2.18658496214368,-6.3480826633789
-2.18050450996168,-6.34866814433211
-2.17441476581044,-6.34914741759094
-2.16831758468503,-6.3495203371641
-2.16221482384588,-6.34978678945668
-2.15610834225305,-6.34994669330474
-2.15,-6.35
-2.14389165774695,-6.34994669330474
-2.13778517615412,-6.34978678945668
-2.13168241531497,-6.3495203371641
-2.12558523418956,-6.34914741759094
-2.11949549003832,-6.34866814433211
-2.11341503785632,-6.3480826633789
-2.1073457298082,-6.34739115307446
-2.10128941466398,-6.34659382405955
-2.09524793723592,-6.3456909192083
-2.08922313781657,-6.34468271355427
-2.08321685161821,-6.34356951420668
-2.07723090821378,-6.34235166025683
-2.07126713097965,-6.34102952267483
-2.06532733654012,-6.3396035041966
-2.05941333421412,-6.33807403920117
-2.05352692546405,-6.33644159357841
-2.04766990334704,-6.33470666458706
-2.04184405196877,-6.3328697807033
-2.03605114594,-6.33093150145976
-2.03029294983602,-6.32889241727507
-2.02457121765915,-6.32675314927402
-2.01888769230443,-6.32451434909838
-2.01324410502875,-6.32217669870835
-2.00764217492347,-6.31974091017491
-2.00208360839075,-6.31720772546283
-1.99657009862382,-6.31457791620471
-1.99110332509116,-6.31185228346593
-1.98568495302494,-6.30903165750062
-1.98031663291378,-6.30611689749879
-1.975,-6.30310889132455
-1.96973667378148,-6.30000855524574
-1.96452825751838,-6.29681683365475
-1.95937633774474,-6.2935346987809
-1.95428248378524,-6.29016315039426
-1.94924824727713,-6.28670321550115
-1.94427516169763,-6.28315594803123
-1.93936474189678,-6.27952242851655
-1.93451848363602,-6.27580376376235
-1.92973786313256,-6.27200108650994
-1.92502433660971,-6.26811555509164
-1.92037933985332,-6.26414835307797
-1.9158042877744,-6.26010068891709
-1.91130057397813,-6.25597379556671
-1.90686957033935,-6.25176893011853
-1.90251262658471,-6.24748737341529
-1.89823106988147,-6.24313042966065
-1.89402620443329,-6.23869942602187
-1.88989931108291,-6.2341957122256
-1.88585164692203,-6.22962066014668
-1.88188444490836,-6.22497566339029
-1.87799891349006,-6.22026213686744
-1.87419623623765,-6.21548151636398
-1.87047757148345,-6.21063525810322
-1.86684405196877,-6.20572483830237
-1.86329678449885,-6.20075175272287
-1.85983684960574,-6.19571751621476
-1.8564653012191,-6.19062366225526
-1.85318316634525,-6.18547174248162
-1.84999144475426,-6.18026332621852
-1.84689110867545,-6.175
-1.84388310250121,-6.16968336708622
-1.84096834249938,-6.16431504697506
-1.83814771653407,-6.15889667490884
-1.83542208379529,-6.15342990137618
-1.83279227453717,-6.14791639160924
-1.83025908982509,-6.14235782507653
-1.82782330129165,-6.13675589497125
-1.82548565090162,-6.13111230769557
-1.82324685072598,-6.12542878234086
-1.82110758272493,-6.11970705016398
-1.81906849854024,-6.11394885406001
-1.8171302192967,-6.10815594803123
-1.81529333541294,-6.10233009665296
-1.81355840642159,-6.09647307453595
-1.81192596079883,-6.09058666578588
-1.8103964958034,-6.08467266345988
-1.80897047732517,-6.07873286902035
-1.80764833974317,-6.07276909178622
-1.80643048579332,-6.06678314838179
-1.80531728644573,-6.06077686218343
-1.8043090807917,-6.05475206276408
-1.80340617594045,-6.04871058533602
-1.80260884692554,-6.0426542701918
-1.8019173366211,-6.03658496214368
-1.80133185566789,-6.03050450996168
-1.80085258240906,-6.02441476581044
-1.8004796628359,-6.01831758468503
-1.80021321054332,-6.01221482384588
-1.80005330669526,-6.00610834225305
-1.8,-6
1.8,-6
1.80005330669526,-6.00610834225305
1.80021321054332,-6.01221482384588
1.8004796628359,-6.01831758468503
1.80085258240906,-6.02441476581044
1.80133185566789,-6.03050450996168
1.8019173366211,-6.03658496214368
1.80260884692554,-6.0426542701918
1.80340617594045,-6.04871058533602
1.8043090807917,-6.05475206276408
1.80531728644573,-6.06077686218343
1.80643048579332,-6.06678314838179
1.80764833974317,-6.07276909178622
1.80897047732517,-6.07873286902035
1.8103964958034,-6.08467266345988
1.81192596079883,-6.09058666578588
1.81355840642159,-6.09647307453595
1.81529333541294,-6.10233009665296
1.8171302192967,-6.10815594803123
1.81906849854024,-6.11394885406
1.82110758272493,-6.11970705016398
1.82324685072598,-6.12542878234086
1.82548565090162,-6.13111230769557
1.82782330129165,-6.13675589497125
1.83025908982509,-6.14235782507653
1.83279227453717,-6.14791639160924
1.83542208379529,-6.15342990137618
1.83814771653407,-6.15889667490884
1.84096834249938,-6.16431504697506
1.84388310250121,-6.16968336708622
1.84689110867545,-6.175
1.84999144475426,-6.18026332621852
1.85318316634525,-6.18547174248162
1.8564653012191,-6.19062366225526
1.85983684960574,-6.19571751621476
1.86329678449885,-6.20075175272287
1.86684405196877,-6.20572483830237
1.87047757148345,-6.21063525810322
1.87419623623765,-6.21548151636398
1.87799891349006,-6.22026213686744
1.88188444490836,-6.22497566339029
1.88585164692203,-6.22962066014668
1.88989931108291,-6.2341957122256
1.89402620443329,-6.23869942602187
1.89823106988147,-6.24313042966065
1.90251262658471,-6.24748737341529
1.90686957033935,-6.25176893011853
1.91130057397813,-6.25597379556671
1.9158042877744,-6.26010068891709
1.92037933985332,-6.26414835307797
1.92502433660971,-6.26811555509164
1.92973786313256,-6.27200108650994
1.93451848363602,-6.27580376376235
1.93936474189678,-6.27952242851655
1.94427516169763,-6.28315594803123
1.94924824727713,-6.28670321550115
1.95428248378524,-6.29016315039426
1.95937633774474,-6.2935346987809
1.96452825751838,-6.29681683365475
1.96973667378148,-6.30000855524574
1.975,-6.30310889132455
1.98031663291378,-6.30611689749879
1.98568495302494,-6.30903165750062
1.99110332509116,-6.31185228346593
1.99657009862382,-6.31457791620471
2.00208360839075,-6.31720772546283
2.00764217492347,-6.31974091017491
2.01324410502875,-6.32217669870835
2.01888769230443,-6.32451434909838
2.02457121765914,-6.32675314927402
2.03029294983602,-6.32889241727507
2.03605114594,-6.33093150145976
2.04184405196877,-6.3328697807033
2.04766990334704,-6.33470666458706
2.05352692546405,-6.33644159357841
2.05941333421412,-6.33807403920117
2.06532733654012,-6.3396035041966
2.07126713097965,-6.34102952267483
2.07723090821378,-6.34235166025683
2.08321685161821,-6.34356951420668
2.08922313781657,-6.34468271355427
2.09524793723592,-6.3456909192083
2.10128941466398,-6.34659382405955
2.1073457298082,-6.34739115307446
2.11341503785632,-6.3480826633789
2.11949549003832,-6.34866814433211
2.12558523418956,-6.34914741759094
2.13168241531497,-6.3495203371641
2.13778517615412,-6.34978678945668
2.14389165774695,-6.34994669330474
2.15,-6.35
2.15610834225305,-6.34994669330474
2.16221482384588,-6.34978678945668
2.16831758468503,-6.3495203371641
2.17441476581044,-6.34914741759094
2.18050450996168,-6.34866814433211
2.18658496214368,-6.3480826633789
2.1926542701918,-6.34739115307446
2.19871058533602,-6.34659382405955
2.20475206276408,-6.3456909192083
2.21077686218343,-6.34468271355427
2.21678314838179,-6.34356951420668
2.22276909178622,-6.34235166025683
2.22873286902035,-6.34102952267483
2.23467266345988,-6.3396035041966
2.24058666578588,-6.33807403920117
2.24647307453595,-6.33644159357841
2.25233009665296,-6.33470666458706
2.25815594803123,-6.3328697807033
2.26394885406,-6.33093150145976
2.26970705016398,-6.32889241727507
2.27542878234085,-6.32675314927402
2.28111230769557,-6.32451434909838
2.28675589497125,-6.32217669870835
2.29235782507653,-6.31974091017491
2.29791639160924,-6.31720772546283
2.30342990137618,-6.31457791620471
2.30889667490884,-6.31185228346593
2.31431504697506,-6.30903165750062
2.31968336708622,-6.30611689749879
2.325,-6.30310889132455
2.33026332621852,-6.30000855524574
2.33547174248162,-6.29681683365475
2.34062366225526,-6.2935346987809
2.34571751621476,-6.29016315039426
2.35075175272287,-6.28670321550115
2.35572483830237,-6.28315594803123
2.36063525810322,-6.27952242851655
2.36548151636398,-6.27580376376235
2.37026213686744,-6.27200108650994
2.37497566339029,-6.26811555509164
2.37962066014668,-6.26414835307797
2.3841957122256,-6.26010068891709
2.38869942602187,-6.25597379556671
2.39313042966065,-6.25176893011853
2.39748737341529,-6.24748737341529
2.40176893011853,-6.24313042966065
2.40597379556671,-6.23869942602187
2.41010068891709,-6.2341957122256
2.41414835307797,-6.22962066014668
2.41811555509164,-6.22497566339029
2.42200108650994,-6.22026213686744
2.42580376376235,-6.21548151636398
2.42952242851655,-6.21063525810322
2.43315594803123,-6.20572483830237
2.43670321550115,-6.20075175272287
2.44016315039426,-6.19571751621476
2.4435346987809,-6.19062366225526
2.44681683365475,-6.18547174248162
2.45000855524574,-6.18026332621852
2.45310889132455,-6.175
2.45611689749879,-6.16968336708622
2.45903165750062,-6.16431504697506
2.46185228346593,-6.15889667490884
2.46457791620471,-6.15342990137618
2.46720772546283,-6.14791639160924
2.46974091017491,-6.14235782507653
2.47217669870835,-6.13675589497125
2.47451434909838,-6.13111230769557
2.47675314927402,-6.12542878234086
2.47889241727507,-6.11970705016398
2.48093150145976,-6.11394885406001
2.4828697807033,-6.10815594803123
2.48470666458706,-6.10233009665296
2.48644159357841,-6.09647307453595
2.48807403920117,-6.09058666578588
2.4896035041966,-6.08467266345988
2.49102952267483,-6.07873286902035
2.49235166025683,-6.07276909178622
2.49356951420668,-6.06678314838179
2.49468271355427,-6.06077686218343
2.4956909192083,-6.05475206276408
2.49659382405955,-6.04871058533602
2.49739115307446,-6.0426542701918
2.4980826633789,-6.03658496214368
2.49866814433211,-6.03050450996168
2.49914741759094,-6.02441476581044
2.4995203371641,-6.01831758468503
2.49978678945668,-6.01221482384588
2.49994669330474,-6.00610834225305
2.5,-6
-1.5,-10
-1.49990100185165,-10.0113440641842
-1.49960403756241,-10.0226846728566
-1.49910919759047,-10.0340183715579
-1.49841663266889,-10.0453417079337
-1.49752655375963,-10.056651232786
-1.49643923198938,-10.067943501124
-1.49515499856686,-10.0792150732133
-1.49367424468202,-10.090462515624
-1.49199742138684,-10.1016824022762
-1.49012503945794,-10.1128713154835
-1.48805766924098,-10.1240258469948
-1.48579594047697,-10.1351425990315
-1.4833405421104,-10.1462181853235
-1.4806922220794,-10.1572492321398
-1.47785178708789,-10.1682323793166
-1.47482010235991,-10.1791642812811
-1.47159809137597,-10.1900416080698
-1.46818673559185,-10.2008610463437
-1.46458707413956,-10.2116193003972
-1.46080020351084,-10.2223130931617
-1.45682727722318,-10.2329391672044
-1.45266950546841,-10.2434942857203
-1.44832815474409,-10.253975233518
-1.44380454746769,-10.2643788179993
-1.43910006157382,-10.2747018701315
-1.43421613009446,-10.2849412454129
-1.42915424072244,-10.2950938248307
-1.4239159353583,-10.3051565158108
-1.41850280964061,-10.3151262531601
-1.41291651245989,-10.325
-1.40715874545637,-10.3347747486915
-1.40123126250168,-10.3444475217516
-1.39513586916453,-10.3540153727598
-1.38887442216078,-10.363475387256
-1.38244882878784,-10.3728246836282
-1.37586104634372,-10.3820604139901
-1.36911308153074,-10.3911797650488
-1.36220698984437,-10.4001799589617
-1.35514487494703,-10.4090582541824
-1.34792888802734,-10.4178119462963
-1.3405612271448,-10.4264383688438
-1.33304413656031,-10.4349348941333
-1.32537990605246,-10.4432989340406
-1.31757087022012,-10.4515279407983
-1.30961940777126,-10.4596194077713
-1.30152794079835,-10.4675708702201
-1.29329893404062,-10.4753799060525
-1.28493489413326,-10.4830441365603
-1.27643836884383,-10.4905612271448
-1.26781194629625,-10.4979288880273
-1.25905825418239,-10.505144874947
-1.25017995896168,-10.5122069898444
-1.24117976504883,-10.5191130815307
-1.23206041399011,-10.5258610463437
-1.22282468362818,-10.5324488287878
-1.21347538725599,-10.5388744221608
-1.20401537275977,-10.5451358691645
-1.19444752175158,-10.5512312625017
-1.18477474869154,-10.5571587454564
-1.175,-10.5629165124599
-1.16512625316012,-10.5685028096406
-1.15515651581083,-10.5739159353583
-1.14509382483071,-10.5791542407224
-1.1349412454129,-10.5842161300945
-1.12470187013145,-10.5891000615738
-1.11437881799927,-10.5938045474677
-1.10397523351803,-10.5983281547441
-1.09349428572034,-10.6026695054684
-1.08293916720445,-10.6068272772232
-1.07231309316169,-10.6108002035108
-1.06161930039715,-10.6145870741396
-1.05086104634372,-10.6181867355919
-1.04004160806978,-10.621598091376
-1.02916428128105,-10.6248201023599
-1.01823237931664,-10.6278517870879
-1.00724923213978,-10.6306922220794
-0.996218185323512,-10.6333405421104
-0.985142599031544,-10.635795940477
-0.974025846994755,-10.638057669241
-0.962871315483505,-10.6401250394579
-0.95168240227615,-10.6419974213868
-0.940462515624042,-10.643674244682
-0.929215073213346,-10.6451549985669
-0.917943501123975,-10.6464392319894
-0.906651232785978,-10.6475265537596
-0.895341707933682,-10.6484166326689
-0.884018371557914,-10.6491091975905
-0.872684672856626,-10.6496040375624
-0.861344064184234,-10.6499010018517
-0.85,-10.65
-0.838655935815766,-10.6499010018517
-0.827315327143374,-10.6496040375624
-0.815981628442086,-10.6491091975905
-0.804658292066319,-10.6484166326689
-0.793348767214022,-10.6475265537596
-0.782056498876026,-10.6464392319894
-0.770784926786654,-10.6451549985669
-0.759537484375957,-10.643674244682
-0.74831759772385,-10.6419974213868
-0.737128684516495,-10.6401250394579
-0.725974153005246,-10.638057669241
-0.714857400968457,-10.635795940477
-0.703781814676488,-10.6333405421104
-0.692750767860216,-10.6306922220794
-0.681767620683361,-10.6278517870879
-0.67083571871895,-10.6248201023599
-0.659958391930221,-10.621598091376
-0.649138953656284,-10.6181867355919
-0.638380699602848,-10.6145870741396
-0.627686906838316,-10.6108002035108
-0.617060832795555,-10.6068272772232
-0.606505714279657,-10.6026695054684
-0.596024766481972,-10.5983281547441
-0.58562118200073,-10.5938045474677
-0.575298129868545,-10.5891000615738
-0.5650587545871,-10.5842161300945
-0.554906175169295,-10.5791542407224
-0.544843484189171,-10.5739159353583
-0.534873746839881,-10.5685028096406
-0.525,-10.5629165124599
-0.515225251308465,-10.5571587454564
-0.505552478248417,-10.5512312625017
-0.495984627240233,-10.5451358691645
-0.486524612744015,-10.5388744221608
-0.47717531637182,-10.5324488287878
-0.467939586009893,-10.5258610463437
-0.458820234951169,-10.5191130815307
-0.449820041038322,-10.5122069898444
-0.440941745817606,-10.505144874947
-0.432188053703749,-10.4979288880273
-0.42356163115617,-10.4905612271448
-0.415065105866742,-10.4830441365603
-0.406701065959376,-10.4753799060525
-0.398472059201652,-10.4675708702201
-0.390380592228744,-10.4596194077713
-0.382429129779877,-10.4515279407983
-0.374620093947539,-10.4432989340406
-0.366955863439694,-10.4349348941333
-0.359438772855198,-10.4264383688438
-0.352071111972664,-10.4178119462963
-0.344855125052969,-10.4090582541824
-0.337793010155631,-10.4001799589617
-0.33088691846926,-10.3911797650488
-0.324138953656284,-10.3820604139901
-0.317551171212155,-10.3728246836282
-0.311125577839223,-10.363475387256
-0.304864130835474,-10.3540153727598
-0.298768737498323,-10.3444475217516
-0.292841254543627,-10.3347747486915
-0.287083487540115,-10.325
-0.281497190359393,-10.3151262531601
-0.276084064641697,-10.3051565158108
-0.270845759277561,-10.2950938248307
-0.265783869905541,-10.2849412454129
-0.260899938426178,-10.2747018701315
-0.256195452532309,-10.2643788179993
-0.251671845255914,-10.253975233518
-0.247330494531588,-10.2434942857203
-0.243172722776819,-10.2329391672044
-0.239199796489159,-10.2223130931617
-0.235412925860444,-10.2116193003972
-0.23181326440815,-10.2008610463437
-0.228401908624027,-10.1900416080698
-0.225179897640093,-10.1791642812811
-0.222148212912106,-10.1682323793166
-0.219307777920602,-10.1572492321398
-0.216659457889597,-10.1462181853235
-0.214204059523026,-10.1351425990315
-0.211942330759018,-10.1240258469948
-0.209874960542065,-10.1128713154835
-0.208002578613161,-10.1016824022762
-0.206325755317979,-10.090462515624
-0.204845001433141,-10.0792150732133
-0.203560768010622,-10.067943501124
-0.202473446240365,-10.056651232786
-0.201583367331114,-10.0453417079337
-0.200890802409527,-10.0340183715579
-0.200395962437588,-10.0226846728566
-0.200098998148346,-10.0113440641842
-0.2,-10
0.2,-10
0.200098998148346,-10.0113440641842
0.200395962437588,-10.0226846728566
0.200890802409527,-10.0340183715579
0.201583367331114,-10.0453417079337
0.202473446240365,-10.056651232786
0.203560768010622,-10.067943501124
0.204845001433141,-10.0792150732133
0.206325755317979,-10.090462515624
0.20800257861316,-10.1016824022762
0.209874960542065,-10.1128713154835
0.211942330759018,-10.1240258469948
0.214204059523026,-10.1351425990315
0.216659457889597,-10.1462181853235
0.219307777920602,-10.1572492321398
0.222148212912106,-10.1682323793166
0.225179897640093,-10.1791642812811
0.228401908624027,-10.1900416080698
0.23181326440815,-10.2008610463437
0.235412925860444,-10.2116193003972
0.239199796489159,-10.2223130931617
0.243172722776819,-10.2329391672044
0.247330494531588,-10.2434942857203
0.251671845255914,-10.253975233518
0.256195452532309,-10.2643788179993
0.260899938426177,-10.2747018701315
0.265783869905541,-10.2849412454129
0.270845759277561,-10.2950938248307
0.276084064641697,-10.3051565158108
0.281497190359393,-10.3151262531601
0.287083487540115,-10.325
0.292841254543627,-10.3347747486915
0.298768737498323,-10.3444475217516
0.304864130835474,-10.3540153727598
0.311125577839223,-10.363475387256
0.317551171212155,-10.3728246836282
0.324138953656284,-10.3820604139901
0.330886918469259,-10.3911797650488
0.33779301015563,-10.4001799589617
0.344855125052969,-10.4090582541824
0.352071111972664,-10.4178119462963
0.359438772855198,-10.4264383688438
0.366955863439694,-10.4349348941333
0.374620093947539,-10.4432989340406
0.382429129779877,-10.4515279407983
0.390380592228744,-10.4596194077713
0.398472059201652,-10.4675708702201
0.406701065959376,-10.4753799060525
0.415065105866742,-10.4830441365603
0.42356163115617,-10.4905612271448
0.432188053703749,-10.4979288880273
0.440941745817606,-10.505144874947
0.449820041038322,-10.5122069898444
0.458820234951169,-10.5191130815307
0.467939586009892,-10.5258610463437
0.47717531637182,-10.5324488287878
0.486524612744014,-10.5388744221608
0.495984627240232,-10.5451358691645
0.505552478248417,-10.5512312625017
0.515225251308465,-10.5571587454564
0.525,-10.5629165124599
0.534873746839881,-10.5685028096406
0.544843484189171,-10.5739159353583
0.554906175169295,-10.5791542407224
0.565058754587099,-10.5842161300945
0.575298129868545,-10.5891000615738
0.58562118200073,-10.5938045474677
0.596024766481972,-10.5983281547441
0.606505714279657,-10.6026695054684
0.617060832795554,-10.6068272772232
0.627686906838315,-10.6108002035108
0.638380699602848,-10.6145870741396
0.649138953656284,-10.6181867355919
0.659958391930221,-10.621598091376
0.670835718718951,-10.6248201023599
0.681767620683362,-10.6278517870879
0.692750767860216,-10.6306922220794
0.703781814676488,-10.6333405421104
0.714857400968456,-10.635795940477
0.725974153005245,-10.638057669241
0.737128684516495,-10.6401250394579
0.74831759772385,-10.6419974213868
0.759537484375958,-10.643674244682
0.770784926786654,-10.6451549985669
0.782056498876025,-10.6464392319894
0.793348767214022,-10.6475265537596
0.804658292066318,-10.6484166326689
0.815981628442086,-10.6491091975905
0.827315327143374,-10.6496040375624
0.838655935815766,-10.6499010018517
0.85,-10.65
0.861344064184234,-10.6499010018517
0.872684672856626,-10.6496040375624
0.884018371557914,-10.6491091975905
0.895341707933681,-10.6484166326689
0.906651232785978,-10.6475265537596
0.917943501123974,-10.6464392319894
0.929215073213346,-10.6451549985669
0.940462515624042,-10.643674244682
0.95168240227615,-10.6419974213868
0.962871315483504,-10.6401250394579
0.974025846994754,-10.638057669241
0.985142599031543,-10.635795940477
0.996218185323512,-10.6333405421104
1.00724923213978,-10.6306922220794
1.01823237931664,-10.6278517870879
1.02916428128105,-10.6248201023599
1.04004160806978,-10.621598091376
1.05086104634372,-10.6181867355919
1.06161930039715,-10.6145870741396
1.07231309316168,-10.6108002035108
1.08293916720444,-10.6068272772232
1.09349428572034,-10.6026695054684
1.10397523351803,-10.5983281547441
1.11437881799927,-10.5938045474677
1.12470187013145,-10.5891000615738
1.1349412454129,-10.5842161300945
1.14509382483071,-10.5791542407224
1.15515651581083,-10.5739159353583
1.16512625316012,-10.5685028096406
1.175,-10.5629165124599
1.18477474869154,-10.5571587454564
1.19444752175158,-10.5512312625017
1.20401537275977,-10.5451358691645
1.21347538725598,-10.5388744221608
1.22282468362818,-10.5324488287878
1.23206041399011,-10.5258610463437
1.24117976504883,-10.5191130815307
1.25017995896168,-10.5122069898444
1.25905825418239,-10.505144874947
1.26781194629625,-10.4979288880273
1.27643836884383,-10.4905612271448
1.28493489413326,-10.4830441365603
1.29329893404062,-10.4753799060525
1.30152794079835,-10.4675708702201
1.30961940777126,-10.4596194077713
1.31757087022012,-10.4515279407983
1.32537990605246,-10.4432989340406
1.33304413656031,-10.4349348941333
1.3405612271448,-10.4264383688438
1.34792888802734,-10.4178119462963
1.35514487494703,-10.4090582541824
1.36220698984437,-10.4001799589617
1.36911308153074,-10.3911797650488
1.37586104634372,-10.3820604139901
1.38244882878784,-10.3728246836282
1.38887442216078,-10.363475387256
1.39513586916453,-10.3540153727598
1.40123126250168,-10.3444475217516
1.40715874545637,-10.3347747486915
1.41291651245988,-10.325
1.41850280964061,-10.3151262531601
1.4239159353583,-10.3051565158108
1.42915424072244,-10.2950938248307
1.43421613009446,-10.2849412454129
1.43910006157382,-10.2747018701315
1.44380454746769,-10.2643788179993
1.44832815474409,-10.253975233518
1.45266950546841,-10.2434942857203
1.45682727722318,-10.2329391672044
1.46080020351084,-10.2223130931617
1.46458707413956,-10.2116193003972
1.46818673559185,-10.2008610463437
1.47159809137597,-10.1900416080698
1.47482010235991,-10.1791642812811
1.47785178708789,-10.1682323793166
1.4806922220794,-10.1572492321398
1.4833405421104,-10.1462181853235
1.48579594047697,-10.1351425990315
1.48805766924098,-10.1240258469948
1.49012503945794,-10.1128713154835
1.49199742138684,-10.1016824022762
1.49367424468202,-10.090462515624
1.49515499856686,-10.0792150732133
1.49643923198938,-10.067943501124
1.49752655375963,-10.056651232786
1.49841663266889,-10.0453417079337
1.49910919759047,-10.0340183715579
1.49960403756241,-10.0226846728566
1.49990100185165,-10.0113440641842
1.5,-10
0.2,-6
0.199969539031278,-5.99650951871254
0.199878165403819,-5.9930201006595
0.199725906950915,-5.98953280875141
0.199512810051965,-5.98604870525118
0.199238939618349,-5.98256885145047
0.198904379073655,-5.97909430734647
0.198509230328264,-5.97562613131897
0.198053613748314,-5.97216537980799
0.197537668119028,-5.96871310699195
0.196961550602442,-5.96527036446661
0.196325436689533,-5.96183820092469
0.195629520146761,-5.95841766183645
0.194874012957047,-5.95500978913123
0.194059145255199,-5.95161562088007
0.193185165257814,-5.9482361909795
0.192252339187664,-5.9448725288366
0.191260951192607,-5.94152565905545
0.190211303259031,-5.93819660112501
0.189103715119863,-5.93488636910857
0.187938524157182,-5.93159597133487
0.18671608529944,-5.92832641009094
0.185436770913358,-5.92507868131682
0.184100970690488,-5.92185377430215
0.18270909152852,-5.91865267138484
0.18126155740733,-5.91547634765186
0.179758809259833,-5.91232577064218
0.178201304837674,-5.90920190005209
0.176589518571785,-5.90610568744282
0.174923941427879,-5.90303807595073
0.173205080756888,-5.9
0.171433460140422,-5.89699238501799
0.169609619231285,-5.89401614715336
0.167734113589085,-5.89107219299699
0.165807514511008,-5.88816141930585
0.163830408857798,-5.88528471272979
0.16180339887499,-5.88244294954151
0.159727102009459,-5.87963699536959
0.157602150721344,-5.87686770493487
0.155429192291394,-5.87413592179003
0.153208888623796,-5.87144247806269
0.150941916044554,-5.8687881942019
0.148628965095479,-5.86617387872823
0.146270740323834,-5.8636003279875
0.14386796006773,-5.8610683259082
0.14142135623731,-5.85857864376269
0.138931674091799,-5.85613203993227
0.1363996720125,-5.85372925967617
0.133826121271772,-5.85137103490452
0.131211805798101,-5.84905808395545
0.128557521937308,-5.8467911113762
0.125864078209968,-5.84457080770861
0.123132295065132,-5.84239784927866
0.12036300463041,-5.84027289799054
0.117557050458495,-5.83819660112501
0.114715287270209,-5.8361695911422
0.111838580694149,-5.83419248548899
0.108927807003005,-5.83226588641091
0.105983852846641,-5.83039038076871
0.103007614982011,-5.82856653985958
0.1,-5.82679491924311
0.0969619240492674,-5.82507605857212
0.0938943125571782,-5.82341048142821
0.0907980999479094,-5.82179869516233
0.0876742293578155,-5.82024119074017
0.0845236523481399,-5.81873844259267
0.08134732861516,-5.81729090847148
0.0781462256978548,-5.81589902930951
0.0749213186831824,-5.81456322908664
0.0716735899090601,-5.81328391470056
0.0684040286651338,-5.81206147584282
0.0651136308914314,-5.81089628488014
0.0618033988749895,-5.80978869674097
0.0584743409445474,-5.80873904880739
0.0551274711633998,-5.80774766081234
0.0517638090205041,-5.80681483474219
0.0483843791199336,-5.8059408547448
0.044990210868773,-5.80512598704295
0.0415823381635519,-5.80437047985324
0.038161799075309,-5.80367456331047
0.0347296355333861,-5.80303844939756
0.0312868930080462,-5.80246233188097
0.0278346201920131,-5.80194638625169
0.0243738686810295,-5.80149076967174
0.0209056926535307,-5.80109562092635
0.0174311485495316,-5.80076106038165
0.0139512947488251,-5.80048718994804
0.0104671912485888,-5.80027409304908
0.00697989934050022,-5.80012183459618
0.00349048128745668,-5.80003046096872
1.22460635382238e-17,-5.8
-0.0034904812874567,-5.80003046096872
-0.00697989934050015,-5.80012183459618
-0.0104671912485887,-5.80027409304908
-0.0139512947488251,-5.80048718994804
-0.0174311485495316,-5.80076106038165
-0.0209056926535307,-5.80109562092635
-0.0243738686810295,-5.80149076967174
-0.0278346201920131,-5.80194638625169
-0.0312868930080462,-5.80246233188097
-0.0347296355333861,-5.80303844939756
-0.038161799075309,-5.80367456331047
-0.0415823381635518,-5.80437047985324
-0.044990210868773,-5.80512598704295
-0.0483843791199336,-5.8059408547448
-0.0517638090205042,-5.80681483474219
-0.0551274711633998,-5.80774766081234
-0.0584743409445473,-5.80873904880739
-0.0618033988749895,-5.80978869674097
-0.0651136308914313,-5.81089628488014
-0.0684040286651337,-5.81206147584282
-0.0716735899090601,-5.81328391470056
-0.0749213186831824,-5.81456322908664
-0.0781462256978547,-5.81589902930951
-0.08134732861516,-5.81729090847148
-0.0845236523481399,-5.81873844259267
-0.0876742293578155,-5.82024119074017
-0.0907980999479093,-5.82179869516233
-0.0938943125571781,-5.82341048142821
-0.0969619240492674,-5.82507605857212
-0.1,-5.82679491924311
-0.103007614982011,-5.82856653985958
-0.105983852846641,-5.83039038076871
-0.108927807003005,-5.83226588641091
-0.111838580694149,-5.83419248548899
-0.114715287270209,-5.8361695911422
-0.117557050458495,-5.83819660112501
-0.12036300463041,-5.84027289799054
-0.123132295065132,-5.84239784927866
-0.125864078209967,-5.84457080770861
-0.128557521937308,-5.8467911113762
-0.131211805798102,-5.84905808395545
-0.133826121271772,-5.85137103490452
-0.1363996720125,-5.85372925967617
-0.138931674091799,-5.85613203993227
-0.14142135623731,-5.85857864376269
-0.14386796006773,-5.8610683259082
-0.146270740323834,-5.8636003279875
-0.148628965095479,-5.86617387872823
-0.150941916044554,-5.8687881942019
-0.153208888623796,-5.87144247806269
-0.155429192291394,-5.87413592179003
-0.157602150721344,-5.87686770493487
-0.159727102009459,-5.87963699536959
-0.161803398874989,-5.88244294954151
-0.163830408857798,-5.88528471272979
-0.165807514511008,-5.88816141930585
-0.167734113589085,-5.89107219299699
-0.169609619231285,-5.89401614715336
-0.171433460140422,-5.89699238501799
-0.173205080756888,-5.9
-0.174923941427879,-5.90303807595073
-0.176589518571785,-5.90610568744282
-0.178201304837674,-5.90920190005209
-0.179758809259833,-5.91232577064218
-0.18126155740733,-5.91547634765186
-0.18270909152852,-5.91865267138484
-0.184100970690488,-5.92185377430215
-0.185436770913357,-5.92507868131682
-0.18671608529944,-5.92832641009094
-0.187938524157182,-5.93159597133487
-0.189103715119863,-5.93488636910857
-0.190211303259031,-5.93819660112501
-0.191260951192607,-5.94152565905545
-0.192252339187664,-5.9448725288366
-0.193185165257814,-5.9482361909795
-0.194059145255199,-5.95161562088007
-0.194874012957047,-5.95500978913123
-0.195629520146761,-5.95841766183645
-0.196325436689533,-5.96183820092469
-0.196961550602442,-5.96527036446661
-0.197537668119028,-5.96871310699195
-0.198053613748314,-5.97216537980799
-0.198509230328264,-5.97562613131897
-0.198904379073655,-5.97909430734647
-0.199238939618349,-5.98256885145047
-0.199512810051965,-5.98604870525118
-0.199725906950915,-5.98953280875141
-0.199878165403819,-5.9930201006595
-0.199969539031278,-5.99650951871254
-0.2,-6
-1.5,-2.5
-1.50002284572654,-2.49738213903441
-1.50009137594714,-2.49476507549462
-1.50020556978681,-2.49214960656356
-1.50036539246103,-2.48953652893838
-1.50057079528624,-2.48692663858785
-1.50082171569476,-2.48432073050985
-1.5011180772538,-2.48171959848923
-1.50145978968876,-2.47912403485599
-1.50184674891073,-2.47653483024397
-1.50227883704817,-2.47395277334996
-1.50275592248285,-2.47137865069352
-1.50327785988993,-2.46881324637734
-1.50384449028221,-2.46625734184842
-1.5044556410586,-2.46371171566005
-1.50511112605664,-2.46117714323462
-1.50581074560925,-2.45865439662745
-1.50655428660554,-2.45614424429159
-1.50734152255573,-2.45364745084376
-1.5081722136601,-2.45116477683143
-1.50904610688211,-2.44869697850115
-1.50996293602542,-2.4462448075682
-1.51092242181498,-2.44380901098761
-1.51192427198213,-2.44139033072661
-1.51296818135361,-2.43898950353863
-1.5140538319445,-2.43660726073889
-1.51518089305512,-2.43424432798164
-1.51634902137174,-2.43190142503907
-1.51755786107116,-2.42957926558212
-1.51880704392909,-2.42727855696305
-1.52009618943233,-2.425
-1.52142490489468,-2.42274428876349
-1.52279278557654,-2.42051211036502
-1.52419941480819,-2.41830414474775
-1.52564436411674,-2.41612106447939
-1.52712719335665,-2.41396353454734
-1.52864745084376,-2.41183221215613
-1.53020467349291,-2.40972774652719
-1.53179838695899,-2.40765077870115
-1.53342810578145,-2.40560194134252
-1.53509333353215,-2.40358185854702
-1.53679356296658,-2.40159114565142
-1.53852827617839,-2.39963040904617
-1.54029694475712,-2.39770024599063
-1.5420990299492,-2.39580124443115
-1.54393398282202,-2.39393398282202
-1.54580124443115,-2.3920990299492
-1.54770024599063,-2.39029694475712
-1.54963040904617,-2.38852827617839
-1.55159114565142,-2.38679356296658
-1.55358185854702,-2.38509333353215
-1.55560194134252,-2.38342810578145
-1.55765077870115,-2.38179838695899
-1.55972774652719,-2.38020467349291
-1.56183221215613,-2.37864745084376
-1.56396353454734,-2.37712719335665
-1.56612106447939,-2.37564436411674
-1.56830414474775,-2.37419941480819
-1.57051211036502,-2.37279278557654
-1.57274428876349,-2.37142490489468
-1.575,-2.37009618943233
-1.57727855696305,-2.36880704392909
-1.57957926558212,-2.36755786107116
-1.58190142503907,-2.36634902137174
-1.58424432798164,-2.36518089305513
-1.5866072607389,-2.3640538319445
-1.58898950353863,-2.36296818135361
-1.59139033072661,-2.36192427198213
-1.59380901098761,-2.36092242181498
-1.5962448075682,-2.35996293602542
-1.59869697850115,-2.35904610688211
-1.60116477683143,-2.3581722136601
-1.60364745084376,-2.35734152255573
-1.60614424429159,-2.35655428660554
-1.60865439662745,-2.35581074560925
-1.61117714323462,-2.35511112605664
-1.61371171566005,-2.3544556410586
-1.61625734184842,-2.35384449028221
-1.61881324637734,-2.35327785988993
-1.62137865069352,-2.35275592248285
-1.62395277334996,-2.35227883704817
-1.62653483024397,-2.35184674891073
-1.62912403485599,-2.35145978968876
-1.63171959848923,-2.3511180772538
-1.63432073050985,-2.35082171569476
-1.63692663858785,-2.35057079528624
-1.63953652893838,-2.35036539246103
-1.64214960656356,-2.35020556978681
-1.64476507549462,-2.35009137594714
-1.64738213903441,-2.35002284572654
-1.65,-2.35
-1.65261786096559,-2.35002284572654
-1.65523492450538,-2.35009137594714
-1.65785039343644,-2.35020556978681
-1.66046347106162,-2.35036539246103
-1.66307336141215,-2.35057079528624
-1.66567926949015,-2.35082171569476
-1.66828040151077,-2.3511180772538
-1.67087596514401,-2.35145978968876
-1.67346516975603,-2.35184674891073
-1.67604722665004,-2.35227883704817
-1.67862134930648,-2.35275592248285
-1.68118675362266,-2.35327785988993
-1.68374265815158,-2.35384449028221
-1.68628828433995,-2.3544556410586
-1.68882285676538,-2.35511112605664
-1.69134560337255,-2.35581074560925
-1.69385575570841,-2.35655428660554
-1.69635254915624,-2.35734152255573
-1.69883522316857,-2.3581722136601
-1.70130302149885,-2.35904610688211
-1.70375519243179,-2.35996293602542
-1.70619098901239,-2.36092242181498
-1.70860966927339,-2.36192427198213
-1.71101049646137,-2.36296818135361
-1.7133927392611,-2.3640538319445
-1.71575567201836,-2.36518089305513
-1.71809857496093,-2.36634902137174
-1.72042073441788,-2.36755786107116
-1.72272144303695,-2.36880704392909
-1.725,-2.37009618943233
-1.72725571123651,-2.37142490489468
-1.72948788963498,-2.37279278557654
-1.73169585525225,-2.37419941480819
-1.73387893552061,-2.37564436411674
-1.73603646545266,-2.37712719335665
-1.73816778784387,-2.37864745084376
-1.74027225347281,-2.38020467349291
-1.74234922129885,-2.38179838695899
-1.74439805865748,-2.38342810578145
-1.74641814145298,-2.38509333353215
-1.74840885434858,-2.38679356296658
-1.75036959095383,-2.38852827617839
-1.75229975400937,-2.39029694475712
-1.75419875556885,-2.3920990299492
-1.75606601717798,-2.39393398282202
-1.7579009700508,-2.39580124443115
-1.75970305524288,-2.39770024599063
-1.76147172382161,-2.39963040904617
-1.76320643703342,-2.40159114565142
-1.76490666646785,-2.40358185854702
-1.76657189421855,-2.40560194134252
-1.76820161304101,-2.40765077870115
-1.76979532650709,-2.40972774652719
-1.77135254915624,-2.41183221215613
-1.77287280664335,-2.41396353454734
-1.77435563588326,-2.41612106447939
-1.77580058519181,-2.41830414474775
-1.77720721442346,-2.42051211036502
-1.77857509510532,-2.42274428876349
-1.77990381056767,-2.425
-1.78119295607091,-2.42727855696305
-1.78244213892884,-2.42957926558212
-1.78365097862826,-2.43190142503907
-1.78481910694487,-2.43424432798164
-1.7859461680555,-2.43660726073889
-1.78703181864639,-2.43898950353863
-1.78807572801787,-2.44139033072661
-1.78907757818502,-2.44380901098761
-1.79003706397458,-2.4462448075682
-1.79095389311789,-2.44869697850115
-1.7918277863399,-2.45116477683143
-1.79265847744427,-2.45364745084376
-1.79344571339446,-2.45614424429159
-1.79418925439075,-2.45865439662745
-1.79488887394336,-2.46117714323462
-1.7955443589414,-2.46371171566005
-1.79615550971779,-2.46625734184842
-1.79672214011007,-2.46881324637734
-1.79724407751715,-2.47137865069352
-1.79772116295183,-2.47395277334996
-1.79815325108927,-2.47653483024397
-1.79854021031124,-2.47912403485599
-1.7988819227462,-2.48171959848923
-1.79917828430524,-2.48432073050985
-1.79942920471376,-2.48692663858785
-1.79963460753897,-2.48953652893838
-1.79979443021319,-2.49214960656356
-1.79990862405286,-2.49476507549462
-1.79997715427346,-2.49738213903441
-1.8,-2.5
1.8,-2.5
1.79997715427346,-2.49738213903441
1.79990862405286,-2.49476507549462
1.79979443021319,-2.49214960656356
1.79963460753897,-2.48953652893838
1.79942920471376,-2.48692663858785
1.79917828430524,-2.48432073050985
1.7988819227462,-2.48171959848923
1.79854021031124,-2.47912403485599
1.79815325108927,-2.47653483024397
1.79772116295183,-2.47395277334996
1.79724407751715,-2.47137865069352
1.79672214011007,-2.46881324637734
1.79615550971779,-2.46625734184842
1.7955443589414,-2.46371171566005
1.79488887394336,-2.46117714323462
1.79418925439075,-2.45865439662745
1.79344571339446,-2.45614424429159
1.79265847744427,-2.45364745084376
1.7918277863399,-2.45116477683143
1.79095389311789,-2.44869697850115
1.79003706397458,-2.4462448075682
1.78907757818502,-2.44380901098761
1.78807572801787,-2.44139033072661
1.78703181864639,-2.43898950353863
1.7859461680555,-2.43660726073889
1.78481910694487,-2.43424432798164
1.78365097862826,-2.43190142503907
1.78244213892884,-2.42957926558212
1.78119295607091,-2.42727855696305
1.77990381056767,-2.425
1.77857509510532,-2.42274428876349
1.77720721442346,-2.42051211036502
1.77580058519181,-2.41830414474775
1.77435563588326,-2.41612106447939
1.77287280664335,-2.41396353454734
1.77135254915624,-2.41183221215613
1.76979532650709,-2.40972774652719
1.76820161304101,-2.40765077870115
1.76657189421855,-2.40560194134252
1.76490666646785,-2.40358185854702
1.76320643703342,-2.40159114565142
1.76147172382161,-2.39963040904617
1.75970305524288,-2.39770024599063
1.7579009700508,-2.39580124443115
1.75606601717798,-2.39393398282202
1.75419875556885,-2.3920990299492
1.75229975400937,-2.39029694475712
1.75036959095383,-2.38852827617839
1.74840885434858,-2.38679356296658
1.74641814145298,-2.38509333353215
1.74439805865748,-2.38342810578145
1.74234922129885,-2.38179838695899
1.74027225347281,-2.38020467349291
1.73816778784387,-2.37864745084376
1.73603646545266,-2.37712719335665
1.73387893552061,-2.37564436411674
1.73169585525225,-2.37419941480819
1.72948788963498,-2.37279278557654
1.72725571123651,-2.37142490489468
1.725,-2.37009618943233
1.72272144303695,-2.36880704392909
1.72042073441788,-2.36755786107116
1.71809857496093,-2.36634902137174
1.71575567201836,-2.36518089305513
1.7133927392611,-2.3640538319445
1.71101049646137,-2.36296818135361
1.70860966927339,-2.36192427198213
1.70619098901239,-2.36092242181498
1.7037551924318,-2.35996293602542
1.70130302149885,-2.35904610688211
1.69883522316857,-2.3581722136601
1.69635254915624,-2.35734152255573
1.69385575570841,-2.35655428660554
1.69134560337255,-2.35581074560925
1.68882285676538,-2.35511112605664
1.68628828433995,-2.3544556410586
1.68374265815158,-2.35384449028221
1.68118675362266,-2.35327785988993
1.67862134930648,-2.35275592248285
1.67604722665004,-2.35227883704817
1.67346516975603,-2.35184674891073
1.67087596514401,-2.35145978968876
1.66828040151077,-2.3511180772538
1.66567926949015,-2.35082171569476
1.66307336141215,-2.35057079528624
1.66046347106162,-2.35036539246103
1.65785039343644,-2.35020556978681
1.65523492450538,-2.35009137594714
1.65261786096559,-2.35002284572654
1.65,-2.35
1.64738213903441,-2.35002284572654
1.64476507549462,-2.35009137594714
1.64214960656356,-2.35020556978681
1.63953652893838,-2.35036539246103
1.63692663858785,-2.35057079528624
1.63432073050985,-2.35082171569476
1.63171959848923,-2.3511180772538
1.62912403485599,-2.35145978968876
1.62653483024397,-2.35184674891073
1.62395277334996,-2.35227883704817
1.62137865069352,-2.35275592248285
1.61881324637734,-2.35327785988993
1.61625734184842,-2.35384449028221
1.61371171566005,-2.3544556410586
1.61117714323462,-2.35511112605664
1.60865439662745,-2.35581074560925
1.60614424429159,-2.35655428660554
1.60364745084376,-2.35734152255573
1.60116477683143,-2.3581722136601
1.59869697850115,-2.35904610688211
1.5962448075682,-2.35996293602542
1.59380901098761,-2.36092242181498
1.59139033072661,-2.36192427198213
1.58898950353863,-2.36296818135361
1.5866072607389,-2.3640538319445
1.58424432798164,-2.36518089305513
1.58190142503907,-2.36634902137174
1.57957926558212,-2.36755786107116
1.57727855696305,-2.36880704392909
1.575,-2.37009618943233
1.57274428876349,-2.37142490489468
1.57051211036502,-2.37279278557654
1.56830414474775,-2.37419941480819
1.56612106447939,-2.37564436411674
1.56396353454734,-2.37712719335665
1.56183221215613,-2.37864745084376
1.55972774652719,-2.38020467349291
1.55765077870115,-2.38179838695899
1.55560194134252,-2.38342810578145
1.55358185854702,-2.38509333353215
1.55159114565142,-2.38679356296658
1.54963040904617,-2.38852827617839
1.54770024599063,-2.39029694475712
1.54580124443115,-2.3920990299492
1.54393398282202,-2.39393398282202
1.5420990299492,-2.39580124443115
1.54029694475712,-2.39770024599063
1.53852827617839,-2.39963040904617
1.53679356296658,-2.40159114565142
1.53509333353215,-2.40358185854702
1.53342810578145,-2.40560194134252
1.53179838695899,-2.40765077870115
1.53020467349291,-2.40972774652719
1.52864745084376,-2.41183221215613
1.52712719335665,-2.41396353454734
1.52564436411674,-2.41612106447939
1.52419941480819,-2.41830414474775
1.52279278557654,-2.42051211036502
1.52142490489468,-2.42274428876349
1.52009618943233,-2.425
1.51880704392909,-2.42727855696305
1.51755786107116,-2.42957926558212
1.51634902137174,-2.43190142503907
1.51518089305512,-2.43424432798164
1.5140538319445,-2.43660726073889
1.51296818135361,-2.43898950353863
1.51192427198213,-2.44139033072661
1.51092242181498,-2.44380901098761
1.50996293602542,-2.4462448075682
1.50904610688211,-2.44869697850115
1.5081722136601,-2.45116477683143
1.50734152255573,-2.45364745084376
1.50655428660554,-2.45614424429159
1.50581074560925,-2.45865439662745
1.50511112605664,-2.46117714323462
1.5044556410586,-2.46371171566005
1.50384449028221,-2.46625734184842
1.50327785988993,-2.46881324637734
1.50275592248285,-2.47137865069352
1.50227883704817,-2.47395277334996
1.50184674891073,-2.47653483024397
1.50145978968876,-2.47912403485599
1.5011180772538,-2.48171959848923
1.50082171569476,-2.48432073050985
1.50057079528624,-2.48692663858785
1.50036539246103,-2.48953652893838
1.50020556978681,-2.49214960656356
1.50009137594714,-2.49476507549462
1.50002284572654,-2.49738213903441
1.5,-2.5
